Date,Well_ID,Latitude,Longitude,Groundwater_Level,Rainfall,Temperature,Soil_Moisture,pH,TDS,Fluoride,Nitrate,Chloride
2024-09-16,W-01,18.44719,73.61512,11.4,143.6,28.8,65,7.36,389,1.21,41,110
2024-09-23,W-01,18.44719,73.61512,11.87,188.6,28.2,77.4,7.37,390,1.22,41.3,105
2024-09-30,W-01,18.44719,73.61512,12.22,150,24.3,65,7.36,382,1.22,42.2,104
2024-10-07,W-01,18.44719,73.61512,12.21,23.7,16.1,30.8,7.37,382,1.23,41.6,105
2024-10-14,W-01,18.44719,73.61512,12.1,12.4,19.4,25.1,7.36,390,1.23,41.8,101
2024-10-21,W-01,18.44719,73.61512,12.01,16.9,15.3,27.7,7.34,392,1.21,41.1,100
2024-10-28,W-01,18.44719,73.61512,11.82,11.9,17.5,24.1,7.34,396,1.23,41.6,104
2024-11-04,W-01,18.44719,73.61512,11.7,11.3,21.4,27.1,7.32,402,1.21,41.9,104
2024-11-11,W-01,18.44719,73.61512,11.63,26,17.3,25.8,7.3,393,1.23,42.6,100
2024-11-18,W-01,18.44719,73.61512,11.54,8.1,21.1,24.1,7.28,388,1.25,42.4,104
2024-11-25,W-01,18.44719,73.61512,11.59,31.3,19.9,30.9,7.26,396,1.25,41.8,100
2024-12-02,W-01,18.44719,73.61512,11.52,11.2,19.7,20.3,7.27,400,1.26,42.7,96
2024-12-09,W-01,18.44719,73.61512,11.39,7.4,18.3,22.3,7.26,400,1.28,41.8,97
2024-12-16,W-01,18.44719,73.61512,11.34,34.4,22.4,28.1,7.27,408,1.26,41.9,97
2024-12-23,W-01,18.44719,73.61512,11.27,7.2,22.5,23.1,7.28,406,1.26,41.1,101
2024-12-30,W-01,18.44719,73.61512,11.19,28.4,17.4,31.7,7.29,408,1.25,41.3,97
2025-01-06,W-01,18.44719,73.61512,11.15,33.2,15.8,26.9,7.3,415,1.24,41.2,98
2025-01-13,W-01,18.44719,73.61512,11.02,16.5,15.8,21.7,7.33,410,1.24,40.9,101
2025-01-20,W-01,18.44719,73.61512,10.97,17.1,22,23.9,7.32,412,1.25,40.9,104
2025-01-27,W-01,18.44719,73.61512,10.92,31.4,20.3,26.7,7.35,418,1.23,40.2,105
2025-02-03,W-01,18.44719,73.61512,10.77,28.4,16,25.9,7.33,424,1.23,40.9,105
2025-02-10,W-01,18.44719,73.61512,10.56,15.2,15.8,27.3,7.3,427,1.24,40.7,109
2025-02-17,W-01,18.44719,73.61512,10.48,21.2,21,23.6,7.3,425,1.26,40.1,112
2025-02-24,W-01,18.44719,73.61512,10.46,5.6,17.8,23.8,7.29,421,1.24,39.9,110
2025-03-03,W-01,18.44719,73.61512,10.42,3.5,36.7,9.2,7.27,414,1.22,39.2,114
2025-03-10,W-01,18.44719,73.61512,10.28,0.2,34.8,6.4,7.28,424,1.22,39.8,113
2025-03-17,W-01,18.44719,73.61512,10.25,0.6,37.5,7.8,7.28,431,1.22,39,117
2025-03-24,W-01,18.44719,73.61512,10.11,4.6,31.9,12.5,7.26,425,1.22,39.6,115
2025-03-31,W-01,18.44719,73.61512,10.06,2.3,33.9,12.9,7.26,429,1.23,40.6,120
2025-04-07,W-01,18.44719,73.61512,9.87,2.3,31.9,6.7,7.25,428,1.24,39.9,121
2025-04-14,W-01,18.44719,73.61512,9.73,2.2,33.5,10,7.24,424,1.25,40.2,121
2025-04-21,W-01,18.44719,73.61512,9.77,1.6,30.1,11,7.23,430,1.23,39.2,119
2025-04-28,W-01,18.44719,73.61512,9.65,6,30.7,11.6,7.22,439,1.24,38.9,119
2025-05-05,W-01,18.44719,73.61512,9.59,3.7,36.4,7.4,7.22,431,1.22,39.1,123
2025-05-12,W-01,18.44719,73.61512,9.48,7.9,30.7,14,7.21,424,1.19,38.9,119
2025-05-19,W-01,18.44719,73.61512,9.41,7.3,37.3,9,7.2,422,1.21,38.5,119
2025-05-26,W-01,18.44719,73.61512,9.39,7.9,36.5,15.6,7.21,428,1.23,38.1,117
2025-06-02,W-01,18.44719,73.61512,9.61,164.1,25.7,69.3,7.2,421,1.24,37.8,120
2025-06-09,W-01,18.44719,73.61512,9.93,85,24.7,42.9,7.18,422,1.22,37.4,122
2025-06-16,W-01,18.44719,73.61512,10,81.8,24.9,45.3,7.19,428,1.24,37.8,119
2025-06-23,W-01,18.44719,73.61512,10.08,105.4,27.8,49,7.18,429,1.26,38,124
2025-06-30,W-01,18.44719,73.61512,10.26,184.6,26.7,74.4,7.16,427,1.24,38.4,127
2025-07-07,W-01,18.44719,73.61512,10.6,107.1,25.3,54.6,7.18,433,1.22,38.6,130
2025-07-14,W-01,18.44719,73.61512,11,133.4,25,60.4,7.16,432,1.23,38.7,128
2025-07-21,W-01,18.44719,73.61512,11.23,142.8,24.3,61.7,7.18,427,1.24,39.5,129
2025-07-28,W-01,18.44719,73.61512,11.61,117,28.5,52.7,7.16,423,1.24,38.8,130
2025-08-04,W-01,18.44719,73.61512,11.48,50.6,25.7,36,7.15,416,1.22,38.7,128
2025-08-11,W-01,18.44719,73.61512,11.66,146.6,27.8,61.2,7.14,416,1.21,39.2,124
2025-08-18,W-01,18.44719,73.61512,11.65,111.9,25.2,49.8,7.12,413,1.2,38.7,120
2025-08-25,W-01,18.44719,73.61512,11.76,92.8,26.9,47,7.15,411,1.21,39.6,117
2025-09-01,W-01,18.44719,73.61512,12.06,133.4,25.5,62.9,7.13,411,1.21,39.6,117
2025-09-08,W-01,18.44719,73.61512,12.42,62.6,26.2,36.9,7.15,408,1.21,39.9,113
2025-09-15,W-01,18.44719,73.61512,12.55,133.1,24,56,7.17,415,1.18,39.5,117
2025-09-22,W-01,18.44719,73.61512,12.74,119.6,25.2,59.1,7.19,414,1.17,40.4,118
2025-09-29,W-01,18.44719,73.61512,12.93,166,24,66.8,7.19,412,1.15,40.8,119
2025-10-06,W-01,18.44719,73.61512,12.79,31.4,20,31.4,7.19,417,1.14,39.9,117
2025-10-13,W-01,18.44719,73.61512,12.79,26.2,20.9,27.4,7.18,415,1.12,39.5,116
2025-10-20,W-01,18.44719,73.61512,12.59,5.3,21.6,19.8,7.19,420,1.1,40.4,117
2025-10-27,W-01,18.44719,73.61512,12.49,6.5,16.6,18.9,7.17,423,1.11,41.3,113
2025-11-03,W-01,18.44719,73.61512,12.38,18.2,21,22.9,7.19,422,1.09,42.1,112
2025-11-10,W-01,18.44719,73.61512,12.34,6.6,17.2,24,7.2,428,1.12,42.3,111
2025-11-17,W-01,18.44719,73.61512,12.27,21.9,21.4,27.5,7.19,428,1.12,43.2,114
2025-11-24,W-01,18.44719,73.61512,12.23,15,17.3,23.1,7.17,430,1.14,43.3,117
2025-12-01,W-01,18.44719,73.61512,12.04,12,16.6,23.7,7.18,433,1.15,43.8,118
2025-12-08,W-01,18.44719,73.61512,11.87,20.1,17,22.4,7.18,433,1.15,44,119
2025-12-15,W-01,18.44719,73.61512,11.73,21,15.4,25.1,7.18,424,1.14,43.9,116
2025-12-22,W-01,18.44719,73.61512,11.61,25.2,20.1,29.4,7.18,415,1.14,44.2,114
2025-12-29,W-01,18.44719,73.61512,11.57,30.5,16.4,26.9,7.18,420,1.15,44.3,113
2026-01-05,W-01,18.44719,73.61512,11.56,7.8,18.8,21.4,7.19,421,1.16,43.6,109
2026-01-12,W-01,18.44719,73.61512,11.6,16.7,15.1,21.3,7.16,412,1.18,43.7,105
2026-01-19,W-01,18.44719,73.61512,11.53,23.2,16.3,23.2,7.18,418,1.2,44.6,107
2026-01-26,W-01,18.44719,73.61512,11.48,34.3,16.7,33.1,7.18,421,1.22,43.9,110
2026-02-02,W-01,18.44719,73.61512,11.41,16.9,16.5,23.8,7.18,416,1.24,44.1,109
2026-02-09,W-01,18.44719,73.61512,11.42,26.7,21.5,28.1,7.17,419,1.25,43.3,106
2026-02-16,W-01,18.44719,73.61512,11.32,26.1,17.5,31.2,7.19,412,1.24,44.1,105
2026-02-23,W-01,18.44719,73.61512,11.24,19.3,15.2,29.6,7.18,418,1.23,44.4,102
2026-03-02,W-01,18.44719,73.61512,11.16,6.3,32.2,12.3,7.16,411,1.25,43.9,102
2026-03-09,W-01,18.44719,73.61512,10.99,7.8,31.3,15,7.14,419,1.27,42.9,101
2026-03-16,W-01,18.44719,73.61512,10.87,4.1,33.4,14.9,7.15,412,1.25,42.5,103
2026-03-23,W-01,18.44719,73.61512,10.69,2.5,32.3,13,7.13,413,1.24,42.3,107
2026-03-30,W-01,18.44719,73.61512,10.62,5.2,34.9,12.5,7.12,422,1.24,42.6,108
2026-04-06,W-01,18.44719,73.61512,10.66,7.3,32.5,9.1,7.1,418,1.21,42.5,105
2026-04-13,W-01,18.44719,73.61512,10.57,4.3,38,9,7.12,424,1.21,42.8,104
2026-04-20,W-01,18.44719,73.61512,10.44,3.3,36.8,10.2,7.12,422,1.22,41.9,103
2026-04-27,W-01,18.44719,73.61512,10.45,2.1,35.1,9.9,7.09,423,1.23,42.9,99
2026-05-04,W-01,18.44719,73.61512,10.26,1.2,34.9,11.4,7.11,421,1.23,43.2,94
2026-05-11,W-01,18.44719,73.61512,10.12,7.4,33.9,9.1,7.13,428,1.22,43.8,90
2026-05-18,W-01,18.44719,73.61512,10.04,0.9,35.8,6.6,7.1,424,1.23,44,94
2026-05-25,W-01,18.44719,73.61512,10.04,0.5,37.1,11.5,7.1,431,1.21,44.3,92
2026-06-01,W-01,18.44719,73.61512,10.26,119.9,26.8,54.3,7.09,432,1.22,43.4,94
2026-06-08,W-01,18.44719,73.61512,10.36,165,28,68.8,7.11,426,1.23,43.1,96
2026-06-15,W-01,18.44719,73.61512,10.54,86.8,28.4,49.9,7.1,418,1.21,42.8,96
2026-06-22,W-01,18.44719,73.61512,10.58,67.3,27.9,36.9,7.09,427,1.19,43.1,95
2026-06-29,W-01,18.44719,73.61512,10.54,91.5,28.1,46.7,7.11,422,1.19,42.6,96
2026-07-06,W-01,18.44719,73.61512,10.86,63.7,26.4,39,7.08,414,1.17,43.6,96
2026-07-13,W-01,18.44719,73.61512,11.28,139.6,27.9,64.7,7.08,415,1.14,43.7,97
2026-07-20,W-01,18.44719,73.61512,11.69,102.4,25.8,47.9,7.06,420,1.13,43,101
2026-07-27,W-01,18.44719,73.61512,11.77,81.7,25.2,41.1,7.04,424,1.12,42.8,98
2026-08-03,W-01,18.44719,73.61512,11.79,91.8,26.7,51.5,7.03,425,1.13,43.2,97
2026-08-10,W-01,18.44719,73.61512,11.87,73.1,24.6,39.5,7.05,415,1.1,44.1,94
2026-08-17,W-01,18.44719,73.61512,12.18,175.3,25,73.8,7.06,414,1.11,44.4,93
2026-08-24,W-01,18.44719,73.61512,12.56,182,26.6,74,7.05,420,1.11,43.7,89
2026-08-31,W-01,18.44719,73.61512,12.68,76.1,24.8,42.8,7.02,429,1.13,42.7,93
2026-09-07,W-01,18.44719,73.61512,12.8,149.9,28.4,68.8,7.04,429,1.11,42.1,96
2026-09-14,W-01,18.44719,73.61512,13.18,195,26.7,74.6,7.04,425,1.09,42.5,93
2024-09-16,W-02,18.40845,74.15212,6.21,149.1,28.7,62.6,7.64,568,1.11,30.2,249
2024-09-23,W-02,18.40845,74.15212,6.33,81.1,27.7,43.3,7.62,569,1.12,30,246
2024-09-30,W-02,18.40845,74.15212,6.6,196.5,28.2,80.3,7.61,570,1.13,29.9,242
2024-10-07,W-02,18.40845,74.15212,6.61,34,15.2,28.2,7.61,579,1.14,30.6,242
2024-10-14,W-02,18.40845,74.15212,6.52,14.2,17.2,23.6,7.63,585,1.12,30.8,239
2024-10-21,W-02,18.40845,74.15212,6.46,17.6,17,26.2,7.63,590,1.1,30.8,234
2024-10-28,W-02,18.40845,74.15212,6.35,11,21.3,21.5,7.65,585,1.12,30,234
2024-11-04,W-02,18.40845,74.15212,6.29,6.1,15.8,19.8,7.67,594,1.14,30.8,239
2024-11-11,W-02,18.40845,74.15212,6.22,14.5,19.5,26.9,7.68,601,1.13,30.9,242
2024-11-18,W-02,18.40845,74.15212,6.09,8.5,21.4,22.8,7.69,606,1.16,31.6,247
2024-11-25,W-02,18.40845,74.15212,5.89,27.4,19.1,24.4,7.7,609,1.17,32.2,251
2024-12-02,W-02,18.40845,74.15212,5.67,14.8,16.9,21.7,7.68,608,1.14,31.3,253
2024-12-09,W-02,18.40845,74.15212,5.62,30.1,18.5,30.2,7.66,610,1.16,31.7,250
2024-12-16,W-02,18.40845,74.15212,5.64,9.3,19.5,25,7.68,604,1.16,31.6,254
2024-12-23,W-02,18.40845,74.15212,5.49,13.7,16.7,23.1,7.67,604,1.19,32.2,257
2024-12-30,W-02,18.40845,74.15212,5.4,16.9,20.7,21.3,7.67,598,1.2,32.5,259
2025-01-06,W-02,18.40845,74.15212,5.26,15.7,19.1,27,7.68,589,1.19,33.5,262
2025-01-13,W-02,18.40845,74.15212,5.2,9,16.7,21.8,7.67,598,1.18,32.8,257
2025-01-20,W-02,18.40845,74.15212,5.1,31.1,20.2,29.8,7.65,606,1.16,32.7,255
2025-01-27,W-02,18.40845,74.15212,5.06,33,19.3,28.8,7.67,605,1.14,32.6,256
2025-02-03,W-02,18.40845,74.15212,4.96,17.3,20.9,23.7,7.69,600,1.15,32.6,252
2025-02-10,W-02,18.40845,74.15212,4.94,6.5,21.1,20.3,7.67,602,1.13,32.4,253
2025-02-17,W-02,18.40845,74.15212,4.77,24.8,18.6,28.6,7.7,593,1.14,33,256
2025-02-24,W-02,18.40845,74.15212,4.69,32.1,19.4,28.3,7.68,591,1.16,33.9,252
2025-03-03,W-02,18.40845,74.15212,4.65,8,35.7,10.3,7.66,596,1.16,33.3,247
2025-03-10,W-02,18.40845,74.15212,4.55,4.2,33.3,14.3,7.65,588,1.15,33.7,244
2025-03-17,W-02,18.40845,74.15212,4.53,,37,10.4,7.62,583,1.12,33.9,240
2025-03-24,W-02,18.40845,74.15212,4.41,3,31,9.1,7.63,586,1.14,33.7,241
2025-03-31,W-02,18.40845,74.15212,4.25,4.6,30.6,12.6,7.63,579,1.13,33.4,242
2025-04-07,W-02,18.40845,74.15212,4.1,1.9,34.9,10.6,7.64,583,1.11,33.1,243
2025-04-14,W-02,18.40845,74.15212,4.11,1.5,36.8,14.1,7.63,574,1.11,33.8,243
2025-04-21,W-02,18.40845,74.15212,4.03,4.5,35.1,9.2,7.63,581,1.09,34.3,248
2025-04-28,W-02,18.40845,74.15212,4.01,5.1,36.7,13.3,7.63,573,1.09,35.1,250
2025-05-05,W-02,18.40845,74.15212,3.9,4.5,36.4,14.2,7.63,570,1.07,34.7,255
2025-05-12,W-02,18.40845,74.15212,3.9,0.8,37,7.1,7.64,570,1.08,33.9,252
2025-05-19,W-02,18.40845,74.15212,3.9,7.3,33.3,9.5,7.64,571,1.06,34.6,252
2025-05-26,W-02,18.40845,74.15212,3.89,2.5,33.5,7,7.62,571,1.06,34.2,248
2025-06-02,W-02,18.40845,74.15212,3.88,129,28,60.5,7.61,562,1.07,34.3,245
2025-06-09,W-02,18.40845,74.15212,4.02,108.5,26.2,51.9,7.63,556,1.05,34.1,247
2025-06-16,W-02,18.40845,74.15212,4.21,110.7,28.4,52,7.63,562,1.03,34.9,247
2025-06-23,W-02,18.40845,74.15212,4.43,175.4,25.8,72.5,7.64,564,1.04,34.2,242
2025-06-30,W-02,18.40845,74.15212,4.49,69.4,26.3,37.1,7.66,573,1.02,34.2,244
2025-07-07,W-02,18.40845,74.15212,4.88,152,26.6,64.6,7.68,572,1.03,33.9,245
2025-07-14,W-02,18.40845,74.15212,5.14,115.4,24.9,52.7,7.71,571,1.01,34.8,245
2025-07-21,W-02,18.40845,74.15212,5.45,141,28.1,65.6,7.68,562,1.04,34.1,249
2025-07-28,W-02,18.40845,74.15212,5.71,186.6,26.2,77.5,7.66,559,1.03,33.7,245
2025-08-04,W-02,18.40845,74.15212,5.91,161.9,25.9,67.8,7.68,553,1.04,32.9,250
2025-08-11,W-02,18.40845,74.15212,5.74,52.1,28.7,35.1,7.66,563,1.03,33.7,254
2025-08-18,W-02,18.40845,74.15212,6.06,181.5,29,76.4,7.67,569,1.01,34.3,258
2025-08-25,W-02,18.40845,74.15212,6.3,132.4,24.9,58.1,7.67,564,1.03,33.6,262
2025-09-01,W-02,18.40845,74.15212,6.46,155.6,24.1,65.6,7.66,563,1.01,33.9,263
2025-09-08,W-02,18.40845,74.15212,6.46,193.9,28.1,81.6,7.66,565,1,33.9,261
2025-09-15,W-02,18.40845,74.15212,6.37,89.5,26.2,50.2,7.65,561,1.01,33.3,258
2025-09-22,W-02,18.40845,74.15212,6.75,105.7,25.1,52.3,7.65,559,1,33.4,263
2025-09-29,W-02,18.40845,74.15212,6.66,54.5,28.7,33.2,7.67,563,0.98,33.4,267
2025-10-06,W-02,18.40845,74.15212,6.53,32.6,19.6,30.2,7.64,573,1,33.9,267
2025-10-13,W-02,18.40845,74.15212,6.44,19.5,19.4,21.9,7.65,573,0.99,34.9,266
2025-10-20,W-02,18.40845,74.15212,6.37,18.6,15.5,23.2,7.65,571,0.98,35.4,271
2025-10-27,W-02,18.40845,74.15212,6.32,12.7,19,25.7,7.64,566,0.97,36.1,275
2025-11-03,W-02,18.40845,74.15212,6.25,9.9,18.7,19.3,7.65,575,0.98,36.3,270
2025-11-10,W-02,18.40845,74.15212,6.1,20.7,17.8,28,7.64,578,0.99,36,267
2025-11-17,W-02,18.40845,74.15212,6.1,11.8,22.3,23.5,7.66,574,0.98,35.5,263
2025-11-24,W-02,18.40845,74.15212,6.01,17.2,15.7,21.3,7.64,569,0.98,35.3,261
2025-12-01,W-02,18.40845,74.15212,5.88,26.8,22.6,27,7.65,572,1,35.1,266
2025-12-08,W-02,18.40845,74.15212,5.81,11,18.1,25,7.66,567,0.98,34.8,265
2025-12-15,W-02,18.40845,74.15212,5.63,5.1,20,22.5,7.69,564,1,34.9,260
2025-12-22,W-02,18.40845,74.15212,5.54,11.5,16.1,20.5,7.67,561,1.01,34.2,265
2025-12-29,W-02,18.40845,74.15212,5.44,19.1,22.2,24.7,7.65,566,1.01,34.1,269
2026-01-05,W-02,18.40845,74.15212,5.4,6.2,20.7,19.9,7.65,565,1.01,34,269
2026-01-12,W-02,18.40845,74.15212,5.41,34.9,22.9,30.3,7.67,558,1.03,33.5,271
2026-01-19,W-02,18.40845,74.15212,5.35,21.1,22.8,23.5,7.68,549,1.04,33.5,276
2026-01-26,W-02,18.40845,74.15212,5.18,27.2,18.5,26.6,7.67,540,1.06,33.3,278
2026-02-02,W-02,18.40845,74.15212,5.11,20.4,20.6,27.8,7.66,539,1.05,33.5,282
2026-02-09,W-02,18.40845,74.15212,4.91,19.7,20.5,29,7.66,545,1.05,34.2,282
2026-02-16,W-02,18.40845,74.15212,4.81,29.4,20.3,30.8,7.66,554,1.03,33.8,284
2026-02-23,W-02,18.40845,74.15212,4.77,10.2,17.2,21.3,7.68,546,1.04,33.1,288
2026-03-02,W-02,18.40845,74.15212,4.68,6.1,32.4,12.7,7.69,546,1.07,32.9,290
2026-03-09,W-02,18.40845,74.15212,4.64,7.1,32.3,12.3,7.68,541,1.08,32.4,291
2026-03-16,W-02,18.40845,74.15212,4.6,2.1,34,8.7,7.69,535,1.08,32.2,295
2026-03-23,W-02,18.40845,74.15212,4.49,3.1,32.7,12.1,7.68,542,1.07,31.5,295
2026-03-30,W-02,18.40845,74.15212,4.42,2.7,32,7.2,7.69,541,1.07,31.6,296
2026-04-06,W-02,18.40845,74.15212,4.22,4.8,38,7.4,7.68,546,1.09,31.5,299
2026-04-13,W-02,18.40845,74.15212,4.1,3,31.5,12.6,7.66,545,1.11,31.4,301
2026-04-20,W-02,18.40845,74.15212,3.96,2.9,32,8.4,7.66,555,1.1,31.8,298
2026-04-27,W-02,18.40845,74.15212,3.94,6.7,30.5,15.1,7.64,558,1.12,31.3,299
2026-05-04,W-02,18.40845,74.15212,3.91,7.2,32.2,15.4,7.62,567,1.12,31.8,300
2026-05-11,W-02,18.40845,74.15212,3.92,0.4,34.3,10.8,7.62,569,1.1,32.1,297
2026-05-18,W-02,18.40845,74.15212,3.69,6.8,33.9,10,7.6,569,1.11,31.6,303
2026-05-25,W-02,18.40845,74.15212,3.58,5.4,33.5,15.5,7.59,564,1.1,31.9,307
2026-06-01,W-02,18.40845,74.15212,3.69,84,24.3,45.9,7.61,574,1.11,32.1,309
2026-06-08,W-02,18.40845,74.15212,3.62,166.6,25,73.5,7.6,584,1.12,31.7,313
2026-06-15,W-02,18.40845,74.15212,3.59,190.9,27.6,79.2,7.6,589,1.1,30.8,313
2026-06-22,W-02,18.40845,74.15212,3.91,123.6,26,57.6,7.63,599,1.12,30.7,312
2026-06-29,W-02,18.40845,74.15212,4.16,161.1,28.9,72.2,7.61,604,1.12,30.3,313
2026-07-06,W-02,18.40845,74.15212,4.48,75.2,25.9,45.6,7.59,596,1.11,29.4,312
2026-07-13,W-02,18.40845,74.15212,4.66,90.6,24.5,48.1,7.58,600,1.1,30.1,308
2026-07-20,W-02,18.40845,74.15212,4.55,51.8,24.3,36.8,7.57,593,1.09,30.1,305
2026-07-27,W-02,18.40845,74.15212,4.8,171.5,24.2,68.9,7.56,601,1.1,29.2,310
2026-08-03,W-02,18.40845,74.15212,4.81,67.9,24.2,37.1,7.58,608,1.09,28.7,308
2026-08-10,W-02,18.40845,74.15212,4.86,118.3,28.2,55.1,7.56,607,1.1,27.8,306
2026-08-17,W-02,18.40845,74.15212,5.12,74.5,28.4,42.7,7.56,600,1.12,28,309
2026-08-24,W-02,18.40845,74.15212,5.09,72,28.5,39.6,7.54,599,1.12,27.6,309
2026-08-31,W-02,18.40845,74.15212,5.27,100.6,28.1,48.1,7.53,608,1.12,27.7,306
2026-09-07,W-02,18.40845,74.15212,5.61,129.7,28.6,56.3,7.54,608,1.1,27.5,302
2026-09-14,W-02,18.40845,74.15212,5.89,190.5,28.2,77.9,7.54,599,1.09,27.8,304
2024-09-16,W-03,18.76856,73.63874,8.31,60.2,28.5,40.9,7.55,462,1.1,33.6,264
2024-09-23,W-03,18.76856,73.63874,8.7,98.5,27.6,52.8,7.56,466,1.12,34.5,263
2024-09-30,W-03,18.76856,73.63874,8.56,44.6,25.6,32.6,7.54,466,1.13,34.2,260
2024-10-07,W-03,18.76856,73.63874,8.46,15,22.8,21.6,7.55,462,1.11,34,259
2024-10-14,W-03,18.76856,73.63874,,9.3,16.3,23.8,7.53,470,1.13,33.2,262
2024-10-21,W-03,18.76856,73.63874,8.33,14.8,15,21.1,7.54,476,1.11,32.4,263
2024-10-28,W-03,18.76856,73.63874,8.25,9.4,21.3,22.7,7.55,484,1.12,32.9,260
2024-11-04,W-03,18.76856,73.63874,8.17,32.8,21.1,26.3,7.57,475,1.15,32.9,256
2024-11-11,W-03,18.76856,73.63874,8.18,27.9,21.6,24.8,7.58,473,1.14,32.6,256
2024-11-18,W-03,18.76856,73.63874,8.09,34.5,16.1,31.9,7.57,463,1.14,33.1,254
2024-11-25,W-03,18.76856,73.63874,8.06,33.4,19.1,29.7,7.59,467,1.16,32.6,257
2024-12-02,W-03,18.76856,73.63874,8.1,27.1,19.6,29.7,7.6,469,1.17,33.5,258
2024-12-09,W-03,18.76856,73.63874,7.96,17.9,18.5,23.9,7.57,468,1.19,33.8,262
2024-12-16,W-03,18.76856,73.63874,7.9,25.8,21.8,23.8,7.56,474,1.16,33.9,260
2024-12-23,W-03,18.76856,73.63874,7.75,34,17.1,33.2,7.57,465,1.17,34.2,260
2024-12-30,W-03,18.76856,73.63874,7.62,29.9,15.3,29.6,7.57,456,1.16,34.4,264
2025-01-06,W-03,18.76856,73.63874,7.43,26.5,15.9,31.4,7.56,452,1.18,35.2,267
2025-01-13,W-03,18.76856,73.63874,7.31,23.4,22.4,24.2,7.56,450,1.21,35.6,265
2025-01-20,W-03,18.76856,73.63874,7.33,23.6,18.3,30.5,7.57,447,1.23,35.4,269
2025-01-27,W-03,18.76856,73.63874,7.14,9.3,21.4,25.4,7.58,447,1.21,35.2,267
2025-02-03,W-03,18.76856,73.63874,7.14,28.2,22.4,25.6,7.59,454,1.21,36,268
2025-02-10,W-03,18.76856,73.63874,7.03,10.5,19.3,25.2,7.59,463,1.21,36.7,267
2025-02-17,W-03,18.76856,73.63874,7.02,32.3,20,27.7,7.57,465,1.23,36.6,268
2025-02-24,W-03,18.76856,73.63874,6.96,24.4,18.2,29,7.55,467,1.23,35.6,268
2025-03-03,W-03,18.76856,73.63874,6.88,7.1,37.8,12.1,7.55,465,1.22,36,267
2025-03-10,W-03,18.76856,73.63874,6.76,6.8,30,15,7.57,462,1.23,36.2,270
2025-03-17,W-03,18.76856,73.63874,6.68,0.9,33.1,8,7.55,454,1.22,36.6,265
2025-03-24,W-03,18.76856,73.63874,6.58,2.6,31.8,11,7.56,462,1.2,37.6,266
2025-03-31,W-03,18.76856,73.63874,6.56,7,36.2,8.4,7.58,469,1.21,38.2,264
2025-04-07,W-03,18.76856,73.63874,6.45,5.6,31.6,10.6,7.58,464,1.19,37.4,262
2025-04-14,W-03,18.76856,73.63874,6.4,0.5,35.6,8.5,7.59,472,1.17,36.8,264
2025-04-21,W-03,18.76856,73.63874,6.26,7.4,31.8,16,7.59,467,1.19,37.5,268
2025-04-28,W-03,18.76856,73.63874,6.06,7,31.9,12.6,7.6,462,1.2,37.2,265
2025-05-05,W-03,18.76856,73.63874,5.93,4,32.4,9.7,7.6,455,1.19,37.4,261
2025-05-12,W-03,18.76856,73.63874,5.83,3.9,33,11.6,7.62,461,1.18,37.5,256
2025-05-19,W-03,18.76856,73.63874,5.71,4.3,32.6,11.4,7.63,460,1.18,38.2,261
2025-05-26,W-03,18.76856,73.63874,5.51,7.9,37.1,8.6,7.62,466,1.16,38.8,258
2025-06-02,W-03,18.76856,73.63874,5.41,51.2,26.3,39,7.63,464,1.17,39.6,258
2025-06-09,W-03,18.76856,73.63874,5.77,85.2,24.5,43.7,7.62,463,1.18,40.5,257
2025-06-16,W-03,18.76856,73.63874,6.12,169.3,25.6,69.8,7.59,472,1.16,39.9,261
2025-06-23,W-03,18.76856,73.63874,6.48,150.6,24.3,62.1,7.61,468,1.16,40.3,260
2025-06-30,W-03,18.76856,73.63874,6.66,122.5,27.9,58.2,7.63,469,1.18,41.1,260
2025-07-07,W-03,18.76856,73.63874,6.69,40.4,28.5,31.4,7.66,466,1.19,41.4,257
2025-07-14,W-03,18.76856,73.63874,6.47,41.8,26.2,36.2,7.66,471,1.2,41,261
2025-07-21,W-03,18.76856,73.63874,6.84,157.9,24.3,70.6,7.67,478,1.21,40.7,266
2025-07-28,W-03,18.76856,73.63874,6.71,58.4,25.9,36.2,7.67,473,1.23,41,270
2025-08-04,W-03,18.76856,73.63874,6.93,111.7,28.9,49.7,7.66,476,1.24,41.9,271
2025-08-11,W-03,18.76856,73.63874,7.02,163.9,26.4,69.6,7.65,485,1.23,42.7,271
2025-08-18,W-03,18.76856,73.63874,7.3,111,24.1,50.4,7.64,494,1.21,43,276
2025-08-25,W-03,18.76856,73.63874,7.6,95,25,47.7,7.63,484,1.2,43.5,276
2025-09-01,W-03,18.76856,73.63874,7.77,180.7,24.6,76.5,7.63,476,1.22,43.2,274
2025-09-08,W-03,18.76856,73.63874,8.1,147.8,26.1,67.4,7.64,480,1.24,42.7,272
2025-09-15,W-03,18.76856,73.63874,8.2,62.6,27.6,37.5,7.66,478,1.25,41.8,267
2025-09-22,W-03,18.76856,73.63874,8.4,102.5,24.2,48.5,7.68,479,1.23,40.9,263
2025-09-29,W-03,18.76856,73.63874,8.44,96.7,27,48.6,7.68,479,1.22,40.2,258
2025-10-06,W-03,18.76856,73.63874,8.45,12.7,18.8,22.2,7.69,475,1.22,39.7,262
2025-10-13,W-03,18.76856,73.63874,8.26,8.7,20.5,21,7.67,474,1.21,39.5,264
2025-10-20,W-03,18.76856,73.63874,8.16,5.8,16.3,18.6,7.68,466,1.21,40.3,263
2025-10-27,W-03,18.76856,73.63874,8.05,8.1,17.7,22.8,7.66,473,1.2,40.5,266
2025-11-03,W-03,18.76856,73.63874,7.96,9.9,15.2,26.2,7.65,470,1.21,39.8,271
2025-11-10,W-03,18.76856,73.63874,7.88,14.1,21,26.8,7.66,469,1.21,40,271
2025-11-17,W-03,18.76856,73.63874,7.75,9.3,16,19.7,7.63,461,1.23,40.4,267
2025-11-24,W-03,18.76856,73.63874,7.61,32,16.8,29.7,7.61,468,1.23,40.5,267
2025-12-01,W-03,18.76856,73.63874,7.59,34,20,28.8,7.63,469,1.23,40.3,266
2025-12-08,W-03,18.76856,73.63874,7.53,17.7,19.4,27,7.6,462,1.25,39.4,269
2025-12-15,W-03,18.76856,73.63874,7.46,30.3,20.4,31.8,7.62,455,1.24,40,271
2025-12-22,W-03,18.76856,73.63874,7.36,27,22.5,29.6,7.63,462,1.26,40.2,270
2025-12-29,W-03,18.76856,73.63874,7.2,27.8,22.6,30.9,7.65,463,1.26,39.6,265
2026-01-05,W-03,18.76856,73.63874,7.19,9,21.1,21.2,7.64,458,1.25,40.2,261
2026-01-12,W-03,18.76856,73.63874,7.08,28.2,17.4,30.7,7.63,460,1.23,39.3,260
2026-01-19,W-03,18.76856,73.63874,31.97,20,15.9,27.7,7.64,454,1.22,38.6,261
2026-01-26,W-03,18.76856,73.63874,6.88,34.5,20,31.3,7.64,455,1.24,39.4,263
2026-02-02,W-03,18.76856,73.63874,6.74,23.2,17.3,24.6,7.65,457,1.26,39.3,262
2026-02-09,W-03,18.76856,73.63874,6.65,7.6,15.8,21.7,7.66,452,1.27,40,257
2026-02-16,W-03,18.76856,73.63874,6.52,32.8,17.1,26.1,7.69,444,1.29,39,255
2026-02-23,W-03,18.76856,73.63874,6.34,26.8,21.4,25.5,7.71,435,1.28,38.2,252
2026-03-02,W-03,18.76856,73.63874,6.3,1,31.3,9.9,7.71,433,1.27,37.6,248
2026-03-09,W-03,18.76856,73.63874,6.18,6.4,31.7,9.1,7.68,424,1.26,37.5,250
2026-03-16,W-03,18.76856,73.63874,6.09,7.9,31.3,11.5,7.66,430,1.26,38.5,251
2026-03-23,W-03,18.76856,73.63874,6,5,33,11.3,7.68,438,1.26,37.5,252
2026-03-30,W-03,18.76856,73.63874,5.93,7.7,36.8,10.8,7.67,448,1.24,37.2,254
2026-04-06,W-03,18.76856,73.63874,5.93,7.8,32.5,8.3,7.64,450,1.22,37.3,256
2026-04-13,W-03,18.76856,73.63874,5.8,4.3,33.1,11.6,7.65,454,1.21,37.5,261
2026-04-20,W-03,18.76856,73.63874,5.68,3.1,32.3,9.6,7.66,460,1.22,37.6,257
2026-04-27,W-03,18.76856,73.63874,5.62,3.6,34.9,14.2,7.67,455,1.23,37.5,261
2026-05-04,W-03,18.76856,73.63874,5.57,6.4,37.7,10.8,7.66,450,1.21,36.9,259
2026-05-11,W-03,18.76856,73.63874,5.38,4.8,34.9,13.2,7.69,458,1.18,37.2,257
2026-05-18,W-03,18.76856,73.63874,5.27,2.8,30.9,14.8,7.68,462,1.18,37,259
2026-05-25,W-03,18.76856,73.63874,5.23,7.3,30.2,12.4,7.69,470,1.17,37.9,259
2026-06-01,W-03,18.76856,73.63874,5.4,185.2,24.2,76.9,7.7,480,1.16,39,263
2026-06-08,W-03,18.76856,73.63874,5.66,94.4,27.6,48.2,7.68,483,1.16,38.7,268
2026-06-15,W-03,18.76856,73.63874,5.49,51.3,26.1,31.8,7.7,482,1.18,38.8,271
2026-06-22,W-03,18.76856,73.63874,5.7,197.7,27.7,78.6,7.71,479,1.2,38.8,276
2026-06-29,W-03,18.76856,73.63874,5.47,55.9,25.4,36.1,7.72,477,1.19,39.2,279
2026-07-06,W-03,18.76856,73.63874,5.43,95.9,24.3,47.1,7.74,485,1.18,38.8,274
2026-07-13,W-03,18.76856,73.63874,5.4,171.7,24.8,74.7,7.74,495,1.19,38.2,278
2026-07-20,W-03,18.76856,73.63874,5.58,123.6,27.8,54.4,7.76,486,1.21,38.5,281
2026-07-27,W-03,18.76856,73.63874,5.74,188.3,27.1,75.5,7.76,495,1.23,37.6,280
2026-08-03,W-03,18.76856,73.63874,5.83,77.5,25.9,47,7.77,491,1.24,37.2,280
2026-08-10,W-03,18.76856,73.63874,6.09,137.3,24.2,63.6,7.75,484,1.24,36.3,282
2026-08-17,W-03,18.76856,73.63874,6.33,189.8,26.4,78.6,7.74,491,1.24,36.2,281
2026-08-24,W-03,18.76856,73.63874,6.66,157.4,27.3,71.2,7.72,489,1.23,36.2,280
2026-08-31,W-03,18.76856,73.63874,6.98,169.7,27,70.5,7.7,485,1.25,36.6,284
2026-09-07,W-03,18.76856,73.63874,6.85,58.4,26.7,35.5,7.69,491,1.26,35.8,288
2026-09-14,W-03,18.76856,73.63874,7.1,81,27.1,47.7,7.71,492,1.25,35.1,287
2024-09-16,W-04,18.43176,74.0866,10.71,177.8,26.3,73.7,7.46,353,0.36,11.6,217
2024-09-23,W-04,18.43176,74.0866,10.78,149.6,24,67.7,7.47,346,0.37,12.2,214
2024-09-30,W-04,18.43176,74.0866,10.82,193.2,26.1,78.3,7.47,352,0.36,13,213
2024-10-07,W-04,18.43176,74.0866,10.66,16.9,22.6,22.1,7.49,360,0.35,12.3,217
2024-10-14,W-04,18.43176,74.0866,10.58,12.4,20.6,26.3,7.47,363,0.35,11.7,217
2024-10-21,W-04,18.43176,74.0866,10.42,14.1,16.3,27,7.46,353,0.33,11,221
2024-10-28,W-04,18.43176,74.0866,10.24,13.2,21.1,27.8,7.48,356,0.33,10.2,226
2024-11-04,W-04,18.43176,74.0866,10.17,11.8,19.6,24.7,7.5,361,0.35,10.3,227
2024-11-11,W-04,18.43176,74.0866,10.1,21.1,22.2,29.9,7.52,371,0.34,10.4,232
2024-11-18,W-04,18.43176,74.0866,10.11,33.2,15.7,30.4,7.51,369,0.36,11,235
2024-11-25,W-04,18.43176,74.0866,9.97,16.4,19.9,25.7,7.53,371,0.38,10.8,233
2024-12-02,W-04,18.43176,74.0866,9.9,7.4,21,21.2,7.53,369,0.36,9.9,231
2024-12-09,W-04,18.43176,74.0866,9.89,9.1,18.8,26.1,7.52,372,0.37,10.1,232
2024-12-16,W-04,18.43176,74.0866,9.8,27.7,19,25.7,7.53,367,0.39,9.3,231
2024-12-23,W-04,18.43176,74.0866,9.8,34.1,17.3,28.3,7.54,366,0.39,8.8,235
2024-12-30,W-04,18.43176,74.0866,9.73,26.7,19.4,24.8,7.52,366,0.39,9.2,239
2025-01-06,W-04,18.43176,74.0866,9.59,15.8,19.9,27.8,7.52,368,0.38,10,240
2025-01-13,W-04,18.43176,74.0866,9.47,23.2,16.8,23.6,7.55,,0.36,10.9,237
2025-01-20,W-04,18.43176,74.0866,9.45,32.7,15.3,26.8,7.55,375,0.38,10.9,240
2025-01-27,W-04,18.43176,74.0866,9.42,30.8,20.9,31.7,7.53,377,0.38,10.7,243
2025-02-03,W-04,18.43176,74.0866,9.24,5.1,20.1,23.5,7.54,373,0.36,9.9,246
2025-02-10,W-04,18.43176,74.0866,9.27,20.7,22,26,7.55,369,0.38,10.2,246
2025-02-17,W-04,18.43176,74.0866,9.04,11,18,22.9,7.52,379,0.4,9.3,246
2025-02-24,W-04,18.43176,74.0866,8.86,10.5,17.1,23.9,7.53,377,0.41,9.3,248
2025-03-03,W-04,18.43176,74.0866,8.9,3.3,37.3,13.6,7.53,371,0.43,8.7,245
2025-03-10,W-04,18.43176,74.0866,8.82,0.8,34.6,8.9,7.52,364,0.45,8.6,246
2025-03-17,W-04,18.43176,74.0866,8.71,7.2,35.2,13,7.52,361,0.44,8.5,249
2025-03-24,W-04,18.43176,74.0866,8.54,3.6,36.5,12.1,7.53,355,0.42,8,249
2025-03-31,W-04,18.43176,74.0866,8.44,7.3,32.1,11.4,7.51,363,0.4,7.3,248
2025-04-07,W-04,18.43176,74.0866,8.28,6.4,37.3,12.2,7.5,364,0.41,8.1,250
2025-04-14,W-04,18.43176,74.0866,8.18,6.2,32.3,8.2,7.49,362,0.43,7.3,252
2025-04-21,W-04,18.43176,74.0866,8.12,7.4,36.5,9.5,7.5,352,0.41,7.7,252
2025-04-28,W-04,18.43176,74.0866,8.02,6.5,37.2,10.7,7.51,345,0.39,7,250
2025-05-05,W-04,18.43176,74.0866,7.98,2.7,36.6,9.4,7.5,351,0.38,8,246
2025-05-12,W-04,18.43176,74.0866,7.88,3.7,36.7,7.5,7.51,345,0.39,8.8,246
2025-05-19,W-04,18.43176,74.0866,7.74,0.6,32.5,6.6,7.49,339,0.39,9.5,243
2025-05-26,W-04,18.43176,74.0866,7.6,6.1,30.3,12.8,7.47,338,0.39,9.1,247
2025-06-02,W-04,18.43176,74.0866,7.79,111.2,25.5,57.3,7.45,330,0.38,8.7,248
2025-06-09,W-04,18.43176,74.0866,8.05,94.7,28.2,48.9,7.47,326,0.37,9.1,251
2025-06-16,W-04,18.43176,74.0866,8.15,162.6,27.5,71.4,7.45,327,0.35,9,248
2025-06-23,W-04,18.43176,74.0866,8.14,88.6,28.5,48.6,7.46,333,0.37,8.3,245
2025-06-30,W-04,18.43176,74.0866,8.2,86.8,25.2,49.9,7.46,339,0.38,8,248
2025-07-07,W-04,18.43176,74.0866,8.11,51.6,26.4,37.2,7.47,331,0.39,8,246
2025-07-14,W-04,18.43176,74.0866,8.4,163.3,28.1,72.7,7.46,324,0.38,7.6,243
2025-07-21,W-04,18.43176,74.0866,8.46,75.6,24.5,41.8,7.46,323,0.39,7.3,247
2025-07-28,W-04,18.43176,74.0866,8.68,170.7,28.1,71,7.46,330,0.39,7,250
2025-08-04,W-04,18.43176,74.0866,8.62,42.1,27.9,35,7.46,335,0.42,7.2,248
2025-08-11,W-04,18.43176,74.0866,8.75,142.9,26.3,62.3,7.43,328,0.4,7.9,250
2025-08-18,W-04,18.43176,74.0866,8.97,192.2,27.6,80.7,7.44,323,0.42,8.4,252
2025-08-25,W-04,18.43176,74.0866,9.35,129.8,25.8,58.3,7.45,314,0.43,8.8,256
2025-09-01,W-04,18.43176,74.0866,9.51,159.9,26,70.3,7.43,307,0.44,8.1,256
2025-09-08,W-04,18.43176,74.0866,9.71,106.6,26,54.2,7.42,311,0.42,7.5,255
2025-09-15,W-04,18.43176,74.0866,9.65,58.8,28.7,38.5,7.41,317,0.44,8.1,256
2025-09-22,W-04,18.43176,74.0866,10.03,89.2,24.4,44.2,7.41,322,0.45,7.7,258
2025-09-29,W-04,18.43176,74.0866,10.11,142.3,28.6,62.9,7.4,323,0.47,6.9,260
2025-10-06,W-04,18.43176,74.0866,9.99,19.8,18.5,28.6,7.42,316,0.46,7.9,256
2025-10-13,W-04,18.43176,74.0866,9.92,34.9,17,27.2,7.41,326,0.46,7.4,259
2025-10-20,W-04,18.43176,74.0866,9.81,17.5,16.4,22.7,7.41,331,0.48,7.1,258
2025-10-27,W-04,18.43176,74.0866,9.68,23.3,18.9,30.3,7.42,337,0.5,6.9,253
2025-11-03,W-04,18.43176,74.0866,9.63,26.6,16.2,31.8,7.43,340,0.52,6.9,255
2025-11-10,W-04,18.43176,74.0866,9.52,19.5,21.4,24.8,7.45,337,0.53,7.1,252
2025-11-17,W-04,18.43176,74.0866,9.41,31.7,15,32.9,7.43,330,0.53,7.5,255
2025-11-24,W-04,18.43176,74.0866,9.21,5.8,19.6,24.6,7.41,333,0.54,7.7,258
2025-12-01,W-04,18.43176,74.0866,9.04,33.6,21.4,27.9,7.43,335,0.55,7,261
2025-12-08,W-04,18.43176,74.0866,8.95,15.5,20,22.8,7.44,325,0.58,7,265
2025-12-15,W-04,18.43176,74.0866,8.81,31.3,19.5,32.1,7.45,324,0.59,6.8,268
2025-12-22,W-04,18.43176,74.0866,8.74,34.6,22.4,27.6,7.44,316,0.58,7.6,263
2025-12-29,W-04,18.43176,74.0866,8.65,27.8,19,30,7.43,320,0.6,8.2,261
2026-01-05,W-04,18.43176,74.0866,8.61,9,19.2,24.2,7.45,323,0.6,8.2,264
2026-01-12,W-04,18.43176,74.0866,8.6,17.5,17.2,25.5,7.45,320,0.62,8.5,262
2026-01-19,W-04,18.43176,74.0866,8.53,17.3,17.3,26.4,7.44,326,0.6,9.4,258
2026-01-26,W-04,18.43176,74.0866,8.53,17.1,17.5,21.2,7.45,321,0.59,8.9,256
2026-02-02,W-04,18.43176,74.0866,8.38,30.5,22.5,26.6,7.44,312,0.59,8.6,254
2026-02-09,W-04,18.43176,74.0866,8.26,26.8,16.2,28.5,7.46,310,0.61,8.8,254
2026-02-16,W-04,18.43176,74.0866,8.09,13.2,21.1,20.9,7.48,311,0.61,8.6,257
2026-02-23,W-04,18.43176,74.0866,8.07,25.8,19,31.7,7.47,305,0.61,8,256
2026-03-02,W-04,18.43176,74.0866,8.01,3.7,32.5,14,7.49,313,0.62,8.7,255
2026-03-09,W-04,18.43176,74.0866,8.02,4.8,32.1,12.5,7.5,321,0.62,8.5,260
2026-03-16,W-04,18.43176,74.0866,7.85,5.1,38,13.3,7.48,323,0.61,8.9,261
2026-03-23,W-04,18.43176,74.0866,7.82,5.8,37,15,7.5,329,0.63,9.6,262
2026-03-30,W-04,18.43176,74.0866,7.7,3.7,34.9,10,7.49,331,0.61,9.8,260
2026-04-06,W-04,18.43176,74.0866,7.56,4.5,34.1,14,7.51,322,0.61,9.1,264
2026-04-13,W-04,18.43176,74.0866,7.47,5.1,30.7,14.2,7.51,322,0.59,8.7,260
2026-04-20,W-04,18.43176,74.0866,7.25,4.1,34,7.7,7.52,330,0.61,7.8,263
2026-04-27,W-04,18.43176,74.0866,7.19,7.8,37.2,10.2,7.51,332,0.61,8.1,268
2026-05-04,W-04,18.43176,74.0866,7,6.8,35.2,15.4,7.51,326,0.61,8.5,264
2026-05-11,W-04,18.43176,74.0866,7,7.1,33.2,12.6,7.51,319,0.59,8.5,261
2026-05-18,W-04,18.43176,74.0866,7.01,4,37.7,13.2,7.5,329,0.6,8.1,261
2026-05-25,W-04,18.43176,74.0866,6.85,5.9,32.9,8.1,7.5,330,0.58,7.6,257
2026-06-01,W-04,18.43176,74.0866,7.16,187.3,27.3,79.4,7.5,338,0.6,8.5,262
2026-06-08,W-04,18.43176,74.0866,7.17,70.5,25.4,38.1,7.49,333,0.6,8.2,263
2026-06-15,W-04,18.43176,74.0866,7.39,113,24.9,56.9,7.48,341,0.6,7.9,259
2026-06-22,W-04,18.43176,74.0866,7.53,89.4,28.8,49.8,7.48,332,0.59,8.8,255
2026-06-29,W-04,18.43176,74.0866,7.51,192.7,26.9,79.1,7.48,330,0.58,9.1,258
2026-07-06,W-04,18.43176,74.0866,7.63,135.9,26.8,60.2,7.5,337,0.59,8.3,253
2026-07-13,W-04,18.43176,74.0866,7.78,177.7,28.9,75.8,7.49,336,0.59,9,253
2026-07-20,W-04,18.43176,74.0866,8.03,92.1,25.6,44.3,7.51,333,0.59,8.1,250
2026-07-27,W-04,18.43176,74.0866,8.16,181,25.9,76.2,7.52,323,0.57,7.9,249
2026-08-03,W-04,18.43176,74.0866,8.38,60.8,27.7,34.8,7.52,330,0.58,7.3,245
2026-08-10,W-04,18.43176,74.0866,8.56,169.7,24.8,70,7.53,336,0.56,8,242
2026-08-17,W-04,18.43176,74.0866,8.54,56,24.2,37.4,7.54,330,0.57,7.4,238
2026-08-24,W-04,18.43176,74.0866,8.72,94.9,24.2,49.3,7.54,325,0.57,7.2,235
2026-08-31,W-04,18.43176,74.0866,8.84,104.4,25,52.9,7.55,318,0.58,7.4,237
2026-09-07,W-04,18.43176,74.0866,9.08,174,27.1,71.7,7.54,328,0.57,6.9,237
2026-09-14,W-04,18.43176,74.0866,9.46,106,24.3,54.2,7.54,319,0.56,6.1,240
2024-09-16,W-05,18.70702,73.81199,7.97,77.4,28.6,43.3,7.44,692,0.37,43.6,265
2024-09-23,W-05,18.70702,73.81199,8.08,198.9,27.4,79.6,7.45,694,0.36,42.7,264
2024-09-30,W-05,18.70702,73.81199,8.1,87.2,27.4,48.6,7.45,701,0.38,42.9,260
2024-10-07,W-05,18.70702,73.81199,8.13,30,22.1,30.7,7.44,698,0.4,43.1,258
2024-10-14,W-05,18.70702,73.81199,8.04,30.8,16.2,27,7.44,693,0.41,43.6,259
2024-10-21,W-05,18.70702,73.81199,8.02,24.1,17.2,23.9,7.46,685,0.44,43,258
2024-10-28,W-05,18.70702,73.81199,8.04,12.1,21.8,24.2,7.45,695,0.45,43.4,262
2024-11-04,W-05,18.70702,73.81199,8.01,18.6,21.6,21.7,7.46,689,0.45,43.3,261
2024-11-11,W-05,18.70702,73.81199,7.87,25.7,20.3,30.2,7.46,690,0.44,44.3,265
2024-11-18,W-05,18.70702,73.81199,7.84,,15.6,26.3,7.47,697,0.43,44.3,266
2024-11-25,W-05,18.70702,73.81199,7.7,33.4,21,29.4,7.46,702,0.42,43.6,269
2024-12-02,W-05,18.70702,73.81199,7.64,22.6,17.6,27.1,7.48,702,0.41,42.9,270
2024-12-09,W-05,18.70702,73.81199,7.52,5.8,16.6,21.4,7.46,711,0.42,42.4,274
2024-12-16,W-05,18.70702,73.81199,7.48,13.6,22,23.2,7.45,,0.42,43.2,274
2024-12-23,W-05,18.70702,73.81199,7.4,15,22.4,23.5,7.44,712,0.43,43.6,274
2024-12-30,W-05,18.70702,73.81199,7.33,34.2,21.3,28,7.45,706,0.41,43.5,278
2025-01-06,W-05,18.70702,73.81199,7.29,31.8,21.4,30.1,7.45,696,0.43,43.6,277
2025-01-13,W-05,18.70702,73.81199,7.25,27.2,16,26.5,7.44,699,0.42,44.6,272
2025-01-20,W-05,18.70702,73.81199,7.24,5.6,19.2,22.1,7.43,699,0.4,43.6,274
2025-01-27,W-05,18.70702,73.81199,7.19,19.9,15.9,28.7,7.41,707,0.38,42.8,274
2025-02-03,W-05,18.70702,73.81199,7.08,24.7,18.1,25.5,7.43,709,0.36,43.7,279
2025-02-10,W-05,18.70702,73.81199,6.97,25.1,16.7,31.2,7.45,707,0.34,43,280
2025-02-17,W-05,18.70702,73.81199,6.85,17.6,15.1,23.4,7.47,712,0.32,44,277
2025-02-24,W-05,18.70702,73.81199,6.79,25.5,19.8,26.6,7.46,719,0.3,44.4,272
2025-03-03,W-05,18.70702,73.81199,6.76,4.1,36.8,14.7,7.45,711,0.3,44.5,272
2025-03-10,W-05,18.70702,73.81199,6.75,2.1,30,7.4,7.47,720,0.3,43.8,276
2025-03-17,W-05,18.70702,73.81199,6.65,6.9,30.9,12.7,7.46,720,0.31,44,281
2025-03-24,W-05,18.70702,73.81199,6.58,4.3,34.4,14.7,7.46,718,0.29,44.9,276
2025-03-31,W-05,18.70702,73.81199,6.5,2,31.7,7.7,7.47,723,0.32,45.6,276
2025-04-07,W-05,18.70702,73.81199,6.44,6.3,34.9,10.9,7.46,717,0.34,45.2,273
2025-04-14,W-05,18.70702,73.81199,6.44,2.5,34.6,13.5,7.46,721,0.35,46.1,278
2025-04-21,W-05,18.70702,73.81199,6.48,1.5,37.8,10.2,7.47,713,0.34,46.7,275
2025-04-28,W-05,18.70702,73.81199,6.4,7.5,37.9,12.9,7.46,723,0.35,46.8,273
2025-05-05,W-05,18.70702,73.81199,6.31,5.2,37.3,13.1,7.45,715,0.34,46.7,276
2025-05-12,W-05,18.70702,73.81199,6.28,2,36.6,13.4,7.44,708,0.32,46.9,279
2025-05-19,W-05,18.70702,73.81199,6.34,4.5,35.5,7.9,7.44,702,0.32,46.9,283
2025-05-26,W-05,18.70702,73.81199,6.23,0.1,33.2,12.2,7.46,706,0.32,46.5,280
2025-06-02,W-05,18.70702,73.81199,6.19,53.2,28.5,33.1,7.47,697,0.31,45.9,277
2025-06-09,W-05,18.70702,73.81199,6.31,85.7,28.9,42.4,7.49,699,0.31,46.5,276
2025-06-16,W-05,18.70702,73.81199,6.53,169.8,28.7,70.6,7.51,701,0.33,46,278
2025-06-23,W-05,18.70702,73.81199,6.85,153.7,25,62.8,7.53,707,0.35,46.6,277
2025-06-30,W-05,18.70702,73.81199,7.25,191.1,27.2,76.5,7.51,704,0.33,45.6,277
2025-07-07,W-05,18.70702,73.81199,7.62,114.7,24.6,54,7.52,695,0.34,45.4,277
2025-07-14,W-05,18.70702,73.81199,7.99,68.8,27.9,37.1,7.54,689,0.33,45.5,272
2025-07-21,W-05,18.70702,73.81199,8.18,61.2,28.9,35.2,7.56,690,0.32,44.7,273
2025-07-28,W-05,18.70702,73.81199,8.27,127.2,24.9,57.7,7.54,695,0.32,45.5,271
2025-08-04,W-05,18.70702,73.81199,8.62,101.3,25.1,49,7.52,697,0.33,45.6,269
2025-08-11,W-05,18.70702,73.81199,8.83,65.7,24.6,41.1,7.51,692,0.33,45.9,269
2025-08-18,W-05,18.70702,73.81199,8.87,66.4,28.8,41.3,7.52,701,0.33,45.2,269
2025-08-25,W-05,18.70702,73.81199,9.09,88.2,24.3,42.9,7.53,703,0.34,45.7,265
2025-09-01,W-05,18.70702,73.81199,9.46,65.5,27.9,37.1,7.53,698,0.33,45.5,264
2025-09-08,W-05,18.70702,73.81199,9.45,50.5,25.5,31.3,7.55,692,0.33,46.4,266
2025-09-15,W-05,18.70702,73.81199,9.55,147.6,27.1,60.5,7.52,690,0.32,47.4,268
2025-09-22,W-05,18.70702,73.81199,10.01,85.5,25,47.3,7.54,697,0.29,48.2,265
2025-09-29,W-05,18.70702,73.81199,10.16,101.2,28.2,47.7,7.53,696,0.29,47.4,268
2025-10-06,W-05,18.70702,73.81199,10.16,18.7,18.4,25.2,7.52,691,0.3,47.5,270
2025-10-13,W-05,18.70702,73.81199,10.04,32.6,21.9,31.5,,698,0.3,47.7,267
2025-10-20,W-05,18.70702,73.81199,9.97,21.5,18.2,24.2,7.51,703,0.28,47.3,270
2025-10-27,W-05,18.70702,73.81199,9.84,22.3,22.4,24.9,7.51,704,0.28,47.5,268
2025-11-03,W-05,18.70702,73.81199,9.69,6.9,19.9,25.6,7.49,700,0.29,47.2,264
2025-11-10,W-05,18.70702,73.81199,9.64,22.3,17.2,24.6,7.5,697,0.29,48.1,266
2025-11-17,W-05,18.70702,73.81199,9.59,22.5,21.5,24.7,7.48,692,0.28,48.3,265
2025-11-24,W-05,18.70702,73.81199,9.57,7.2,17.4,21.1,7.48,690,0.29,47.4,267
2025-12-01,W-05,18.70702,73.81199,9.4,26.8,16.5,26.6,7.48,680,0.29,46.7,269
2025-12-08,W-05,18.70702,73.81199,9.38,20.5,16.3,23.1,7.49,684,0.29,47.3,268
2025-12-15,W-05,18.70702,73.81199,9.4,34.4,15.4,32.5,7.48,687,0.29,47,271
2025-12-22,W-05,18.70702,73.81199,9.4,16.7,15.3,21.5,7.47,694,0.29,47.2,267
2025-12-29,W-05,18.70702,73.81199,9.36,25,15.8,28.4,7.46,698,0.32,48,271
2026-01-05,W-05,18.70702,73.81199,9.31,34.4,19.6,31.1,7.45,690,0.34,47.9,270
2026-01-12,W-05,18.70702,73.81199,9.26,10.4,15.9,20.5,7.44,698,0.34,48.7,270
2026-01-19,W-05,18.70702,73.81199,9.28,15.8,19.9,22.8,7.47,696,0.37,49.3,268
2026-01-26,W-05,18.70702,73.81199,9.31,31.7,19.8,29.6,7.49,701,0.35,48.7,268
2026-02-02,W-05,18.70702,73.81199,9.38,32,22.4,28.8,7.48,693,0.34,49.6,267
2026-02-09,W-05,18.70702,73.81199,9.35,12.6,22.7,25.2,7.47,701,0.35,49.9,272
2026-02-16,W-05,18.70702,73.81199,9.37,33.5,21,33,7.45,692,0.33,49.8,268
2026-02-23,W-05,18.70702,73.81199,9.28,28.2,20.3,25.3,7.43,702,0.36,50.7,269
2026-03-02,W-05,18.70702,73.81199,9.12,2.9,35.5,12.5,7.43,699,0.38,50.6,264
2026-03-09,W-05,18.70702,73.81199,9.05,6.4,35.9,10.9,7.44,696,0.36,49.9,266
2026-03-16,W-05,18.70702,73.81199,8.93,2.4,34.4,9.5,7.43,697,0.36,49.8,267
2026-03-23,W-05,18.70702,73.81199,8.89,5.1,34.3,14.2,7.43,706,0.36,50.8,267
2026-03-30,W-05,18.70702,73.81199,8.86,7.4,34.7,14.5,7.43,712,0.36,49.9,267
2026-04-06,W-05,18.70702,73.81199,8.9,7.2,36.6,10.6,7.44,707,0.34,50,264
2026-04-13,W-05,18.70702,73.81199,8.91,1.9,37.6,11.6,7.46,709,0.34,51,259
2026-04-20,W-05,18.70702,73.81199,8.87,7.8,37.4,10.2,7.44,701,0.34,50.9,256
2026-04-27,W-05,18.70702,73.81199,8.94,0.8,35.7,11,7.44,705,0.32,50.5,256
2026-05-04,W-05,18.70702,73.81199,8.96,0.6,32.5,13.8,7.46,701,0.31,50.2,260
2026-05-11,W-05,18.70702,73.81199,8.88,3.6,33.4,14,7.48,702,0.32,49.9,262
2026-05-18,W-05,18.70702,73.81199,8.81,5.3,35.3,7.7,7.47,709,0.33,49.1,259
2026-05-25,W-05,18.70702,73.81199,8.67,5.4,35.9,11.3,7.47,711,0.34,49.8,261
2026-06-01,W-05,18.70702,73.81199,9.01,119.3,26,54,7.47,713,0.35,50.8,261
2026-06-08,W-05,18.70702,73.81199,9.08,89.6,25.9,45.4,7.45,712,0.35,49.8,264
2026-06-15,W-05,18.70702,73.81199,9.12,42.1,26,32.1,7.47,718,0.35,49.6,269
2026-06-22,W-05,18.70702,73.81199,9.06,42.3,24.2,29,7.49,717,0.37,49.9,266
2026-06-29,W-05,18.70702,73.81199,9.06,55.1,25,35.8,7.48,708,0.36,50.4,264
2026-07-06,W-05,18.70702,73.81199,9.04,43.5,27.7,33.1,7.5,704,0.35,49.8,263
2026-07-13,W-05,18.70702,73.81199,9.2,138.9,28.1,61.9,7.51,694,0.36,49.5,258
2026-07-20,W-05,18.70702,73.81199,9.27,134.1,27.8,57.1,7.51,688,0.35,50.4,261
2026-07-27,W-05,18.70702,73.81199,9.28,52.8,26.3,35.2,7.5,678,0.35,50.8,263
2026-08-03,W-05,18.70702,73.81199,9.08,43.4,27.2,34.9,7.51,679,0.36,50.8,258
2026-08-10,W-05,18.70702,73.81199,9.25,146.7,28.9,62.2,7.52,679,0.35,51,259
2026-08-17,W-05,18.70702,73.81199,9.25,47.7,28,34.8,7.52,677,0.32,50.2,255
2026-08-24,W-05,18.70702,73.81199,9.57,120.4,27.5,59.4,7.53,667,0.33,51,259
2026-08-31,W-05,18.70702,73.81199,9.66,185.4,24.9,79.4,,662,0.33,51.3,256
2026-09-07,W-05,18.70702,73.81199,9.83,115.7,25.9,54.8,7.54,669,0.34,51.5,253
2026-09-14,W-05,18.70702,73.81199,10.16,140.1,27.9,61.7,7.55,661,0.36,51.5,252
2024-09-16,W-06,18.2442,73.57389,10.49,183.6,27,75.9,7.23,494,1.26,9.3,104
2024-09-23,W-06,18.2442,73.57389,10.7,63.7,25.3,36,7.25,503,1.27,9.7,106
2024-09-30,W-06,18.2442,73.57389,10.67,47.8,27.6,31.9,7.25,508,1.28,8.9,110
2024-10-07,W-06,18.2442,73.57389,10.48,10.8,21.1,25.9,7.26,510,1.29,8.7,113
2024-10-14,W-06,18.2442,73.57389,10.33,6.2,22.5,22.8,7.24,509,1.3,8.9,110
2024-10-21,W-06,18.2442,73.57389,10.31,24.8,20.5,26.8,7.24,502,1.31,9.3,112
2024-10-28,W-06,18.2442,73.57389,10.33,34.8,19.4,31.2,7.24,510,1.29,10.2,112
2024-11-04,W-06,18.2442,73.57389,10.36,16.3,18.4,25.1,7.23,508,1.29,11.1,114
2024-11-11,W-06,18.2442,73.57389,10.3,12.8,20.9,22.9,7.22,499,1.31,10.2,117
2024-11-18,W-06,18.2442,73.57389,10.19,9,23,19,7.2,500,1.29,10.2,115
2024-11-25,W-06,18.2442,73.57389,10.25,34.6,20.5,31.9,7.22,509,1.27,9.9,112
2024-12-02,W-06,18.2442,73.57389,10.24,32.6,21.6,26.3,7.2,504,1.29,10.7,110
2024-12-09,W-06,18.2442,73.57389,10.22,25.9,19.1,30.7,7.21,513,1.29,10.5,109
2024-12-16,W-06,18.2442,73.57389,10.09,6.5,20.7,25,7.23,522,1.3,11.1,105
2024-12-23,W-06,18.2442,73.57389,10,20.8,20.4,29.4,7.21,522,1.28,10.2,104
2024-12-30,W-06,18.2442,73.57389,10,6.4,19.6,18.3,7.23,525,1.26,10.1,109
2025-01-06,W-06,18.2442,73.57389,9.87,6.7,19.2,21.4,7.22,529,1.27,10.1,114
2025-01-13,W-06,18.2442,73.57389,9.8,13,16.9,21.2,7.21,526,1.27,9.9,109
2025-01-20,W-06,18.2442,73.57389,9.72,9.6,19.1,23.9,7.21,524,1.29,10.5,107
2025-01-27,W-06,18.2442,73.57389,9.67,27.2,19.9,25.9,7.22,519,1.29,10.2,104
2025-02-03,W-06,18.2442,73.57389,9.59,16.4,18.7,21.2,7.21,522,1.29,10.4,104
2025-02-10,W-06,18.2442,73.57389,9.5,12.5,21.9,23.7,7.22,526,1.29,10.4,101
2025-02-17,W-06,18.2442,73.57389,9.31,5.8,15.7,24.2,7.24,535,1.28,11,98
2025-02-24,W-06,18.2442,73.57389,9.28,18.6,21.4,22,7.24,532,1.28,10.2,99
2025-03-03,W-06,18.2442,73.57389,9.14,2.2,30.3,13.3,7.22,532,1.31,9.4,100
2025-03-10,W-06,18.2442,73.57389,8.97,0.9,35.3,13.3,7.23,529,1.29,9.9,101
2025-03-17,W-06,18.2442,73.57389,8.9,4.2,37.8,13.5,7.23,532,1.3,9.9,106
2025-03-24,W-06,18.2442,73.57389,8.88,4.6,36.9,13.8,7.21,538,1.29,9.8,107
2025-03-31,W-06,18.2442,73.57389,8.82,2.7,34.6,10.4,7.21,535,1.3,10.4,108
2025-04-07,W-06,18.2442,73.57389,8.87,0.1,33.2,8.7,7.21,526,1.27,11.2,108
2025-04-14,W-06,18.2442,73.57389,8.73,4.9,37.6,7.8,7.23,535,1.3,10.5,106
2025-04-21,W-06,18.2442,73.57389,8.75,1.2,35.9,10.8,7.25,536,1.3,9.7,109
2025-04-28,W-06,18.2442,73.57389,8.56,5.2,30.1,11,7.24,531,1.3,9.7,105
2025-05-05,W-06,18.2442,73.57389,8.53,6.9,34.9,15.4,7.22,528,1.32,10.4,108
2025-05-12,W-06,18.2442,73.57389,8.38,2.5,37.5,11.6,7.23,523,1.34,9.5,103
2025-05-19,W-06,18.2442,73.57389,8.39,6.3,33.2,9.3,7.25,531,1.34,10.3,108
2025-05-26,W-06,18.2442,73.57389,8.35,2.8,38,13.7,7.26,533,1.34,11.3,105
2025-06-02,W-06,18.2442,73.57389,8.42,197.2,25.6,75.9,7.26,531,1.34,11.2,108
2025-06-09,W-06,18.2442,73.57389,8.33,58.1,29,38.8,7.28,521,1.33,11.9,103
2025-06-16,W-06,18.2442,73.57389,8.59,194.3,24.6,77.2,7.26,513,1.3,12.2,101
2025-06-23,W-06,18.2442,73.57389,8.82,80.8,26.8,41,7.28,522,1.33,12.1,97
2025-06-30,W-06,18.2442,73.57389,9.17,66.9,25.9,38.5,7.27,520,1.34,11.8,99
2025-07-07,W-06,18.2442,73.57389,9.56,62.9,25.2,35.7,7.28,511,1.34,10.9,99
2025-07-14,W-06,18.2442,73.57389,9.75,126.2,24.2,58.8,7.26,509,1.35,10.9,102
2025-07-21,W-06,18.2442,73.57389,9.77,49.1,28.3,32.5,7.28,502,1.37,10.6,104
2025-07-28,W-06,18.2442,73.57389,10.09,147.3,27.6,66.2,7.31,509,1.37,10.5,101
2025-08-04,W-06,18.2442,73.57389,10.46,176.3,28.6,72.2,7.29,519,1.35,9.6,97
2025-08-11,W-06,18.2442,73.57389,10.44,97.2,24.9,47.7,7.28,515,1.37,10.1,92
2025-08-18,W-06,18.2442,73.57389,10.68,177.9,24.8,74.3,7.3,515,1.37,9.3,95
2025-08-25,W-06,18.2442,73.57389,10.96,113.9,26.4,51.4,7.29,520,1.36,9.3,98
2025-09-01,W-06,18.2442,73.57389,11.31,146.3,28.5,63.8,7.3,528,1.34,8.4,101
2025-09-08,W-06,18.2442,73.57389,11.27,57.7,26.4,33.4,7.3,526,1.34,9.2,99
2025-09-15,W-06,18.2442,73.57389,11.46,145.3,24.3,67.2,7.28,525,1.34,10.1,100
2025-09-22,W-06,18.2442,73.57389,11.66,95,27,47,7.3,528,1.35,10.9,97
2025-09-29,W-06,18.2442,73.57389,11.97,134.7,26.9,63.6,7.29,536,1.35,10.9,94
2025-10-06,W-06,18.2442,73.57389,11.94,6,15.9,20.6,7.3,531,1.38,11,99
2025-10-13,W-06,18.2442,73.57389,11.93,25.9,22.2,30.4,7.32,540,1.39,11.3,98
2025-10-20,W-06,18.2442,73.57389,11.84,10.8,17.6,24.8,7.31,534,1.37,10.6,97
2025-10-27,W-06,18.2442,73.57389,11.66,29.6,16.3,25.7,7.33,542,1.39,9.9,99
2025-11-03,W-06,18.2442,73.57389,11.51,24.1,21.5,28.5,7.32,551,1.4,10.8,99
2025-11-10,W-06,18.2442,73.57389,11.42,27.5,22.5,31.4,7.32,558,1.38,11.2,96
2025-11-17,W-06,18.2442,73.57389,11.27,23.9,19.7,30.1,7.31,556,1.37,11.2,99
2025-11-24,W-06,18.2442,73.57389,11.2,26.5,22.3,27.3,7.3,552,1.37,10.7,102
2025-12-01,W-06,18.2442,73.57389,11.23,7.3,22.5,25,7.28,561,1.39,10.2,104
2025-12-08,W-06,18.2442,73.57389,11.14,30.8,18.2,32.6,7.26,570,1.37,10.7,106
2025-12-15,W-06,18.2442,73.57389,11.02,19.5,20.6,26.2,7.28,565,1.35,11,110
2025-12-22,W-06,18.2442,73.57389,10.96,12.8,19.8,23.7,7.28,564,1.37,11.9,107
2025-12-29,W-06,18.2442,73.57389,10.9,5.9,15.5,24.7,7.26,562,1.36,11.3,106
2026-01-05,W-06,18.2442,73.57389,10.83,22.4,19.1,23.9,7.26,557,1.38,10.8,103
2026-01-12,W-06,18.2442,73.57389,10.86,34.1,21.8,31.1,7.28,562,1.4,9.8,106
2026-01-19,W-06,18.2442,73.57389,10.83,20.6,15.7,28.4,7.28,568,1.39,9.8,107
2026-01-26,W-06,18.2442,73.57389,10.76,10,21.1,23.2,7.28,573,1.41,9.7,108
2026-02-02,W-06,18.2442,73.57389,10.65,26.7,16.6,26.8,7.28,569,1.42,9.8,112
2026-02-09,W-06,18.2442,73.57389,10.46,19.3,17.5,28.6,7.28,577,1.44,9.7,109
2026-02-16,W-06,18.2442,73.57389,10.52,28.5,17,25.1,7.27,578,1.42,9.2,112
2026-02-23,W-06,18.2442,73.57389,10.4,14.6,15.4,24.7,7.25,586,1.42,9.8,112
2026-03-02,W-06,18.2442,73.57389,10.29,0.3,33.8,9,7.27,581,1.41,10.1,111
2026-03-09,W-06,18.2442,73.57389,10.22,1.2,33,6.4,7.25,588,1.43,10.1,115
2026-03-16,W-06,18.2442,73.57389,10.11,2.8,36.6,14.8,7.23,580,1.41,10.5,119
2026-03-23,W-06,18.2442,73.57389,9.95,2.2,32.6,11.6,7.23,583,1.42,11.2,124
2026-03-30,W-06,18.2442,73.57389,9.79,6.5,36.5,15.1,7.25,590,1.43,11.9,120
2026-04-06,W-06,18.2442,73.57389,9.68,5.5,30.5,11.3,7.24,590,1.44,11.3,118
2026-04-13,W-06,18.2442,73.57389,9.59,7,30.8,10.3,7.23,598,1.43,11.4,120
2026-04-20,W-06,18.2442,73.57389,9.55,5.7,37.6,9.2,7.23,599,1.43,11.4,125
2026-04-27,W-06,18.2442,73.57389,9.49,4.3,32.3,13.8,7.21,593,1.43,11.3,129
2026-05-04,W-06,18.2442,73.57389,9.34,0,34.4,7.6,7.22,600,1.42,11.2,131
2026-05-11,W-06,18.2442,73.57389,9.39,3.3,37.1,8.5,7.23,595,1.41,11.7,128
2026-05-18,W-06,18.2442,73.57389,9.4,6.1,35.4,12.8,7.21,604,1.39,11.3,127
2026-05-25,W-06,18.2442,73.57389,9.25,5.4,37,12.9,7.23,609,1.39,11.4,126
2026-06-01,W-06,18.2442,73.57389,9.36,131,24.2,62.6,7.22,602,1.37,11.9,129
2026-06-08,W-06,18.2442,73.57389,9.63,85.4,28.4,43.2,7.2,593,1.35,12.4,126
2026-06-15,W-06,18.2442,73.57389,9.73,111.6,28.6,54.5,7.22,587,1.33,11.7,124
2026-06-22,W-06,18.2442,73.57389,10.02,168.2,25.2,70.4,7.23,585,1.35,11.5,126
2026-06-29,W-06,18.2442,73.57389,9.96,44.4,27.7,33.3,7.23,587,1.33,10.8,130
2026-07-06,W-06,18.2442,73.57389,10.35,185.6,26.8,72.8,7.24,582,1.35,10,128
2026-07-13,W-06,18.2442,73.57389,10.47,179.3,24.3,71.6,7.25,576,1.34,9.9,126
2026-07-20,W-06,18.2442,73.57389,10.76,112.9,25.1,56.6,7.23,577,1.33,10,123
2026-07-27,W-06,18.2442,73.57389,10.84,102.7,24.8,51.5,7.24,568,1.32,9.5,122
2026-08-03,W-06,18.2442,73.57389,11.12,199.4,24.6,80.9,7.25,562,1.35,9,125
2026-08-10,W-06,18.2442,73.57389,11.11,45.9,28,37.5,7.25,564,1.33,8.9,122
2026-08-17,W-06,18.2442,73.57389,11.06,182.2,28.6,74.1,7.24,569,1.36,9.8,122
2026-08-24,W-06,18.2442,73.57389,11.37,164.8,26.6,68.2,7.24,563,1.37,9.9,123
2026-08-31,W-06,18.2442,73.57389,11.48,196.8,28.8,81.2,7.24,559,1.37,10.3,122
2026-09-07,W-06,18.2442,73.57389,11.74,92.3,26.3,44,7.23,562,1.37,10.2,120
2026-09-14,W-06,18.2442,73.57389,11.89,191.8,26.7,78.8,7.21,559,1.37,10.6,117
2024-09-16,W-07,18.73781,74.11539,6.76,43.3,24.5,35.3,7.26,500,0.67,38.1,135
2024-09-23,W-07,18.73781,74.11539,7.13,137.3,24.1,64.8,7.28,510,0.69,38.1,139
2024-09-30,W-07,18.73781,74.11539,7.23,191.1,25.7,77.2,7.26,501,0.71,38,139
2024-10-07,W-07,18.73781,74.11539,7.03,9.8,18.3,23.8,7.27,511,0.72,37.4,142
2024-10-14,W-07,18.73781,74.11539,6.99,16.4,17.7,27.6,7.28,502,0.73,37,139
2024-10-21,W-07,18.73781,74.11539,6.84,33.3,15.2,27.7,7.28,512,0.73,37.5,141
2024-10-28,W-07,18.73781,74.11539,6.78,7,21.5,22.2,7.27,511,0.73,37.7,140
2024-11-04,W-07,18.73781,74.11539,6.69,32.7,21.6,28.2,7.27,511,0.71,37.1,144
2024-11-11,W-07,18.73781,74.11539,6.65,11,16.8,25.3,7.26,520,0.7,37.1,147
2024-11-18,W-07,18.73781,74.11539,6.58,29.6,16.3,31.2,7.24,524,0.68,36.5,146
2024-11-25,W-07,18.73781,74.11539,6.48,6.5,20.1,20.1,7.24,530,0.69,36.1,142
2024-12-02,W-07,18.73781,74.11539,6.51,32,19.4,26.7,7.23,527,0.69,36.9,144
2024-12-09,W-07,18.73781,74.11539,6.55,25.1,16.4,23.5,7.21,525,0.7,36.2,147
2024-12-16,W-07,18.73781,74.11539,6.54,29.9,19.9,30.9,7.22,528,0.72,36.4,148
2024-12-23,W-07,18.73781,74.11539,6.55,31.7,18.1,28,7.24,519,0.71,36.8,144
2024-12-30,W-07,18.73781,74.11539,6.48,16.7,22.6,27.2,7.25,517,0.73,36.4,144
2025-01-06,W-07,18.73781,74.11539,6.32,9.1,22.5,23.3,7.25,509,0.75,35.9,145
2025-01-13,W-07,18.73781,74.11539,6.22,26.2,16.3,29.2,7.27,505,0.74,35.5,148
2025-01-20,W-07,18.73781,74.11539,6.13,31.3,16.6,30,7.26,508,0.74,36.2,150
2025-01-27,W-07,18.73781,74.11539,6.02,33.1,15.7,30.4,7.27,506,0.72,36.3,150
2025-02-03,W-07,18.73781,74.11539,5.93,13.4,20.9,23.4,7.28,515,0.75,35.4,151
2025-02-10,W-07,18.73781,74.11539,5.78,27.1,16.2,30.3,7.26,515,0.76,36.3,151
2025-02-17,W-07,18.73781,74.11539,5.78,31.5,19.5,30.9,7.24,512,0.76,37.2,156
2025-02-24,W-07,18.73781,74.11539,5.65,17.8,21.7,28.9,7.24,507,0.75,37.2,155
2025-03-03,W-07,18.73781,74.11539,5.6,4.9,30.4,12.6,7.23,510,0.74,36.4,154
2025-03-10,W-07,18.73781,74.11539,5.58,6.4,32.3,14.9,7.24,505,0.76,35.7,156
2025-03-17,W-07,18.73781,74.11539,5.57,6.2,32.6,14.6,7.23,502,0.76,36.6,158
2025-03-24,W-07,18.73781,74.11539,5.36,6.5,32.6,11,7.22,510,0.76,37,158
2025-03-31,W-07,18.73781,74.11539,5.34,0.5,37.3,10,7.24,504,0.76,36.5,159
2025-04-07,W-07,18.73781,74.11539,5.15,4.5,36.4,9.4,7.24,497,0.79,35.8,164
2025-04-14,W-07,18.73781,74.11539,5.06,7.1,36.2,12.5,7.24,495,0.77,36.2,163
2025-04-21,W-07,18.73781,74.11539,4.93,3.5,31.3,13.9,7.25,489,0.75,35.9,167
2025-04-28,W-07,18.73781,74.11539,4.88,5.2,35.4,8.9,7.26,496,0.75,35.1,168
2025-05-05,W-07,18.73781,74.11539,4.7,2.4,30.1,13.8,7.26,496,0.75,35.8,168
2025-05-12,W-07,18.73781,74.11539,4.55,5.3,30.6,11.7,7.23,505,0.73,35.7,167
2025-05-19,W-07,18.73781,74.11539,4.4,5.4,31,12.6,7.21,507,0.73,36.1,167
2025-05-26,W-07,18.73781,74.11539,4.35,6.3,37.8,11.6,7.23,514,0.73,36.2,169
2025-06-02,W-07,18.73781,74.11539,4.51,136.1,24.4,59.2,7.22,505,0.73,36,166
2025-06-09,W-07,18.73781,74.11539,4.75,128.3,28.4,57.1,7.21,507,0.71,36.7,167
2025-06-16,W-07,18.73781,74.11539,5.1,90.6,25.5,49.9,7.21,511,0.73,36.4,167
2025-06-23,W-07,18.73781,74.11539,5.49,83.8,28,45.1,7.23,518,0.73,36.5,162
2025-06-30,W-07,18.73781,74.11539,5.62,193.6,28.6,78.2,7.23,512,0.72,36.4,161
2025-07-07,W-07,18.73781,74.11539,5.76,173.4,27.6,75.4,7.22,504,0.71,35.6,162
2025-07-14,W-07,18.73781,74.11539,5.99,178.5,25.7,70.1,7.24,510,0.72,36.3,166
2025-07-21,W-07,18.73781,74.11539,6.3,110.8,28.4,51.7,7.23,508,0.7,36.7,162
2025-07-28,W-07,18.73781,74.11539,6.37,93.6,26.4,51.6,7.26,502,0.71,36.1,166
2025-08-04,W-07,18.73781,74.11539,6.33,61.1,26.7,41.6,7.28,493,0.73,36.3,161
2025-08-11,W-07,18.73781,74.11539,6.55,145.3,25.8,65.6,7.27,489,0.73,36.2,157
2025-08-18,W-07,18.73781,74.11539,6.76,191,26.2,76.9,7.28,482,0.76,36.9,158
2025-08-25,W-07,18.73781,74.11539,7.21,152.8,28.6,65.5,7.28,492,0.77,37.8,158
2025-09-01,W-07,18.73781,74.11539,7.28,89.6,27.2,48.7,7.29,496,0.77,38.5,162
2025-09-08,W-07,18.73781,74.11539,7.48,156.1,24.7,69.1,7.29,505,0.76,38.6,166
2025-09-15,W-07,18.73781,74.11539,7.58,147.6,26,60.5,7.27,505,0.75,38.5,162
2025-09-22,W-07,18.73781,74.11539,7.91,147,25.9,63.7,7.26,513,0.73,37.6,165
2025-09-29,W-07,18.73781,74.11539,8.22,82.3,26.4,47.7,7.26,522,0.74,37.8,165
2025-10-06,W-07,18.73781,74.11539,8.22,14.2,15.6,23,7.26,519,0.72,37.5,166
2025-10-13,W-07,18.73781,74.11539,8.06,12.1,16.1,24,7.28,526,0.73,37.7,169
2025-10-20,W-07,18.73781,74.11539,7.94,5.2,18.7,18.5,7.25,531,0.75,37,170
2025-10-27,W-07,18.73781,74.11539,7.79,12.1,16.5,26.4,7.26,530,0.74,36.8,169
2025-11-03,W-07,18.73781,74.11539,7.71,6.1,20,20.7,7.29,523,0.75,35.9,171
2025-11-10,W-07,18.73781,74.11539,7.61,8.9,15.9,25.2,7.27,522,0.75,34.9,172
2025-11-17,W-07,18.73781,74.11539,7.54,30.9,17.5,26.2,7.29,519,0.73,35.2,170
2025-11-24,W-07,18.73781,74.11539,7.36,22.4,15.7,30.7,7.29,516,0.71,35.4,165
2025-12-01,W-07,18.73781,74.11539,7.29,14.2,19,27.2,7.27,522,0.68,36.1,170
2025-12-08,W-07,18.73781,74.11539,7.21,26.7,22.4,25.3,7.26,532,0.71,36,170
2025-12-15,W-07,18.73781,74.11539,7.13,32.2,20.7,29,7.25,534,0.7,35.1,168
2025-12-22,W-07,18.73781,74.11539,6.98,6,20.6,21.9,7.25,536,0.72,34.2,168
2025-12-29,W-07,18.73781,74.11539,6.94,10.3,22.7,22.2,7.27,540,0.7,35.1,163
2026-01-05,W-07,18.73781,74.11539,6.91,29.8,18.9,28.7,7.28,540,0.69,35.7,167
2026-01-12,W-07,18.73781,74.11539,6.78,22.3,22.4,26.1,7.26,538,0.67,36.3,168
2026-01-19,W-07,18.73781,74.11539,6.7,17.4,16.6,22.7,7.28,537,0.69,36.9,164
2026-01-26,W-07,18.73781,74.11539,6.62,30.7,15.3,26.4,7.29,543,0.69,35.9,165
2026-02-02,W-07,18.73781,74.11539,6.54,13.9,15.2,24.5,7.31,547,0.7,36.3,166
2026-02-09,W-07,18.73781,74.11539,6.46,31.4,19.1,25.8,7.3,541,0.71,36.2,165
2026-02-16,W-07,18.73781,74.11539,6.48,10.5,17.6,22.6,7.3,550,0.68,36.1,167
2026-02-23,W-07,18.73781,74.11539,6.38,22.2,18.6,30.3,7.3,547,0.69,35.5,165
2026-03-02,W-07,18.73781,74.11539,6.27,2.7,31.7,8,7.32,547,0.69,36.5,161
2026-03-09,W-07,18.73781,74.11539,6.17,4.5,32.3,12.7,7.32,547,0.68,37.5,162
2026-03-16,W-07,18.73781,74.11539,6.12,6.7,37.3,8.7,7.3,543,0.68,36.8,164
2026-03-23,W-07,18.73781,74.11539,6.15,2.4,32.5,9.7,7.32,539,0.7,35.9,163
2026-03-30,W-07,18.73781,74.11539,6.16,2.6,34.3,9,7.32,533,0.69,35.1,168
2026-04-06,W-07,18.73781,74.11539,6.12,2.4,33.7,7.7,7.34,529,0.7,34.7,172
2026-04-13,W-07,18.73781,74.11539,5.97,4.5,31,10.4,7.35,535,0.69,34.2,175
2026-04-20,W-07,18.73781,74.11539,5.85,3.9,32.3,13.5,7.38,530,0.68,34.4,179
2026-04-27,W-07,18.73781,74.11539,5.79,5.5,30.1,9.4,7.39,520,0.65,35.2,178
2026-05-04,W-07,18.73781,74.11539,5.86,2.3,37.4,14.4,7.41,516,0.64,34.6,180
2026-05-11,W-07,18.73781,74.11539,5.85,4.3,31.3,14.5,7.4,515,0.63,35.6,183
2026-05-18,W-07,18.73781,74.11539,5.8,5.1,36,12.9,7.4,511,0.63,35.8,187
2026-05-25,W-07,18.73781,74.11539,5.7,4.6,30.6,8.4,7.41,520,0.63,36.2,189
2026-06-01,W-07,18.73781,74.11539,5.76,119,28.5,54.1,7.42,529,0.61,36.7,186
2026-06-08,W-07,18.73781,74.11539,5.83,133,28.9,56.3,7.44,520,0.64,36.1,190
2026-06-15,W-07,18.73781,74.11539,6.18,79.6,28.7,47.7,7.46,527,0.66,36.5,195
2026-06-22,W-07,18.73781,74.11539,6.33,73.6,24.5,42.3,7.45,533,0.64,36.3,198
2026-06-29,W-07,18.73781,74.11539,6.5,135.9,27.2,61.2,7.46,531,0.65,35.4,199
2026-07-06,W-07,18.73781,74.11539,6.77,115.9,24.9,53.5,7.46,523,0.64,35,194
2026-07-13,W-07,18.73781,74.11539,6.84,90.5,27.9,49.5,7.45,516,0.66,35.9,190
2026-07-20,W-07,18.73781,74.11539,7.2,153.7,26.5,68.3,7.43,511,0.66,35,191
2026-07-27,W-07,18.73781,74.11539,7.27,109.7,28.4,51,7.46,509,0.64,35.7,192
2026-08-03,W-07,18.73781,74.11539,7.37,92.3,24.5,50.1,7.44,505,0.67,36,193
2026-08-10,W-07,18.73781,74.11539,7.78,126.2,25,55.6,7.43,503,0.67,35.7,196
2026-08-17,W-07,18.73781,74.11539,7.95,177.6,25.2,69.4,7.43,504,0.67,35,198
2026-08-24,W-07,18.73781,74.11539,8,186.1,27.4,73.9,7.44,501,0.69,34.2,196
2026-08-31,W-07,18.73781,74.11539,8.33,165.4,24.9,72.6,7.42,494,0.67,34,194
2026-09-07,W-07,18.73781,74.11539,8.6,100.6,26.4,49.2,7.44,490,0.67,34.4,196
2026-09-14,W-07,18.73781,74.11539,8.69,194.5,26.9,81.5,7.42,498,0.68,34.2,198
2024-09-16,W-08,18.67713,73.68635,6.43,164.8,24.2,67.6,7.08,786,0.88,8.4,164
2024-09-23,W-08,18.67713,73.68635,6.3,52.3,28.4,34.4,7.07,,0.88,7.9,165
2024-09-30,W-08,18.67713,73.68635,6.53,190.8,26.2,76.2,7.1,790,0.89,7.4,161
2024-10-07,W-08,18.67713,73.68635,6.52,25,22.1,27.1,7.08,801,0.88,8.3,164
2024-10-14,W-08,18.67713,73.68635,6.38,25.2,21.5,25.9,7.07,803,0.87,9.1,160
2024-10-21,W-08,18.67713,73.68635,6.28,5.9,20.6,17.9,7.09,795,0.89,8.6,163
2024-10-28,W-08,18.67713,73.68635,6.05,27.4,20,25,7.08,797,0.88,9.6,159
2024-11-04,W-08,18.67713,73.68635,6.05,26.6,16.4,25.8,7.09,792,0.88,9.3,158
2024-11-11,W-08,18.67713,73.68635,5.99,33.4,21.2,26.8,7.09,786,0.9,8.6,163
2024-11-18,W-08,18.67713,73.68635,5.94,24.6,20.1,29.2,7.1,787,0.88,8.3,165
2024-11-25,W-08,18.67713,73.68635,5.89,9.1,17.5,20.8,7.1,795,0.88,8.2,169
2024-12-02,W-08,18.67713,73.68635,5.89,29.8,17.2,30,7.08,801,0.87,9.1,172
2024-12-09,W-08,18.67713,73.68635,5.72,23.1,15.5,28.7,7.1,799,0.85,8.5,169
2024-12-16,W-08,18.67713,73.68635,5.7,8.8,22.6,25.3,7.1,808,0.87,7.8,165
2024-12-23,W-08,18.67713,73.68635,5.75,11.5,17.9,22.9,7.12,814,0.85,6.8,162
2024-12-30,W-08,18.67713,73.68635,5.75,15.5,22.3,23.4,7.13,821,0.87,7.1,163
2025-01-06,W-08,18.67713,73.68635,5.64,9.7,20.7,21.4,7.13,822,0.87,6.6,167
2025-01-13,W-08,18.67713,73.68635,5.64,19.5,22.4,29.6,7.14,820,0.85,6.9,170
2025-01-20,W-08,18.67713,73.68635,5.48,23.2,22.8,23.1,7.12,813,0.85,7.4,174
2025-01-27,W-08,18.67713,73.68635,5.34,16.1,19,25.5,7.14,811,0.86,7.7,178
2025-02-03,W-08,18.67713,73.68635,5.23,26.8,15.8,28.5,7.14,806,0.85,8.5,178
2025-02-10,W-08,18.67713,73.68635,5.17,15.3,18.7,24.7,7.14,816,0.83,8,178
2025-02-17,W-08,18.67713,73.68635,5.08,5.5,20.8,23.2,7.14,823,0.82,8,174
2025-02-24,W-08,18.67713,73.68635,4.86,29.8,18.6,25.3,7.15,820,0.81,8.6,177
2025-03-03,W-08,18.67713,73.68635,4.75,6.1,35.3,11.9,7.15,826,0.82,8.3,177
2025-03-10,W-08,18.67713,73.68635,4.7,2.4,32.8,11.6,7.17,825,0.8,7.7,174
2025-03-17,W-08,18.67713,73.68635,4.55,4.2,37.5,10.8,7.16,828,0.83,6.9,173
2025-03-24,W-08,18.67713,73.68635,4.45,7.8,30.6,11.8,7.18,830,0.81,7.7,168
2025-03-31,W-08,18.67713,73.68635,4.38,7.3,36.1,10.5,7.19,826,0.8,7.7,165
2025-04-07,W-08,18.67713,73.68635,4.37,0.6,32.4,12.3,7.16,817,0.79,8.1,168
2025-04-14,W-08,18.67713,73.68635,4.3,6.6,33.2,12.4,7.14,809,0.8,7.2,167
2025-04-21,W-08,18.67713,73.68635,4.26,1.3,32,7.5,7.13,819,0.82,6.5,172
2025-04-28,W-08,18.67713,73.68635,4.1,6,33.9,15.3,7.15,815,0.84,5.6,169
2025-05-05,W-08,18.67713,73.68635,3.96,7.6,36.8,15,7.17,811,0.85,5.7,166
2025-05-12,W-08,18.67713,73.68635,3.82,6.8,33.7,8.4,7.17,812,0.83,5.6,166
2025-05-19,W-08,18.67713,73.68635,3.72,3.7,30.1,9.3,7.17,819,0.81,5,162
2025-05-26,W-08,18.67713,73.68635,3.6,5.3,31.6,12.8,7.16,830,0.79,4.7,160
2025-06-02,W-08,18.67713,73.68635,3.78,191.1,26.7,74.7,7.18,823,0.81,5.3,161
2025-06-09,W-08,18.67713,73.68635,4.08,91.9,26.5,48.8,7.2,826,0.82,5.5,164
2025-06-16,W-08,18.67713,73.68635,4.35,154.7,24.1,67.4,7.18,836,0.83,6,159
2025-06-23,W-08,18.67713,73.68635,4.42,79.2,25.5,44.7,7.17,831,0.82,5.1,164
2025-06-30,W-08,18.67713,73.68635,4.72,188.2,24.3,74.7,7.16,839,0.85,5.3,164
2025-07-07,W-08,18.67713,73.68635,4.86,130.3,24.1,56.8,7.16,841,0.83,5.4,167
2025-07-14,W-08,18.67713,73.68635,5.22,140.2,26.9,59.8,7.14,843,0.81,5.8,168
2025-07-21,W-08,18.67713,73.68635,5.66,95.6,24.1,46.2,7.16,847,0.83,5.4,163
2025-07-28,W-08,18.67713,73.68635,6.08,157.6,25.7,66.1,7.16,848,0.82,5,166
2025-08-04,W-08,18.67713,73.68635,6.48,189.8,25.2,78.2,7.19,857,0.82,6,171
2025-08-11,W-08,18.67713,73.68635,6.61,134.4,24,61.1,7.17,862,0.85,5.2,170
2025-08-18,W-08,18.67713,73.68635,6.65,101.2,24.8,50.5,7.18,866,0.87,5.6,169
2025-08-25,W-08,18.67713,73.68635,6.81,97.7,27.1,47.2,7.15,861,0.87,6.2,166
2025-09-01,W-08,18.67713,73.68635,6.86,173.2,24.4,74.8,7.16,862,0.89,6.9,164
2025-09-08,W-08,18.67713,73.68635,7,167.7,27.6,73.9,7.16,855,0.91,7,160
2025-09-15,W-08,18.67713,73.68635,7.3,191.2,26.6,76.1,7.15,846,0.9,8,161
2025-09-22,W-08,18.67713,73.68635,7.31,151.8,26.9,69.3,7.12,848,0.89,8.7,161
2025-09-29,W-08,18.67713,73.68635,7.68,120.1,26.8,54.2,7.13,840,0.87,7.9,163
2025-10-06,W-08,18.67713,73.68635,7.53,18.3,15.9,21.7,7.11,849,0.86,7.2,168
2025-10-13,W-08,18.67713,73.68635,7.4,16.3,19.8,22.9,7.13,854,0.84,6.3,165
2025-10-20,W-08,18.67713,73.68635,7.17,14.9,17.9,28,7.13,864,0.85,7.2,161
2025-10-27,W-08,18.67713,73.68635,7.21,18.9,19.5,28.8,7.12,872,0.86,6.4,157
2025-11-03,W-08,18.67713,73.68635,7.14,32.4,15.1,27,7.11,877,0.85,6.6,159
2025-11-10,W-08,18.67713,73.68635,7.1,17.9,17.2,22,7.09,867,0.85,6.4,162
2025-11-17,W-08,18.67713,73.68635,6.98,19,21.3,24.4,7.1,874,0.83,5.8,165
2025-11-24,W-08,18.67713,73.68635,6.88,18.1,20.8,23.9,7.09,877,0.85,6,167
2025-12-01,W-08,18.67713,73.68635,6.75,7.2,17.3,25.9,7.1,883,0.85,5.4,168
2025-12-08,W-08,18.67713,73.68635,6.57,17.4,15.8,24,7.1,887,0.86,6.1,168
2025-12-15,W-08,18.67713,73.68635,6.5,31.2,18.1,27.5,7.08,878,0.88,5.8,164
2025-12-22,W-08,18.67713,73.68635,6.33,12.8,21.8,25.1,7.1,873,0.9,5.7,160
2025-12-29,W-08,18.67713,73.68635,6.28,10.9,21.6,21.7,7.1,875,0.91,4.8,160
2026-01-05,W-08,18.67713,73.68635,6.25,10.8,17,23.8,7.07,868,0.92,5.8,158
2026-01-12,W-08,18.67713,73.68635,6.18,31.4,15.4,30.6,7.1,860,0.92,5,159
2026-01-19,W-08,18.67713,73.68635,6.17,10.9,22,20.4,7.11,868,0.91,4.6,164
2026-01-26,W-08,18.67713,73.68635,6.08,23.4,16.3,28.5,7.1,870,0.93,4,165
2026-02-02,W-08,18.67713,73.68635,5.89,32.9,19.6,31,7.12,870,0.95,4.5,167
2026-02-09,W-08,18.67713,73.68635,5.76,31.4,20.8,29.4,7.11,870,0.95,5.1,163
2026-02-16,W-08,18.67713,73.68635,5.63,27.8,17.7,26.4,7.09,863,0.93,5.8,158
2026-02-23,W-08,18.67713,73.68635,5.45,5.3,15.3,17.8,7.1,872,0.94,5.6,157
2026-03-02,W-08,18.67713,73.68635,5.34,2.8,35.3,13.3,7.11,869,0.96,5.8,159
2026-03-09,W-08,18.67713,73.68635,5.22,3.7,35.4,15,7.09,862,0.96,5.1,156
2026-03-16,W-08,18.67713,73.68635,5.11,6.5,33.9,11.1,7.07,868,0.98,4.5,159
2026-03-23,W-08,18.67713,73.68635,5.1,5.9,34.9,10.2,7.06,862,0.96,5.3,160
2026-03-30,W-08,18.67713,73.68635,5.1,4.4,30.8,11,7.06,853,0.99,5.3,160
2026-04-06,W-08,18.67713,73.68635,5.05,0.5,34.1,11.7,7.06,852,1.01,6,157
2026-04-13,W-08,18.67713,73.68635,5.02,1.8,33.1,7.2,7.05,851,1,6.9,157
2026-04-20,W-08,18.67713,73.68635,4.97,1.3,31.7,11.1,7.03,844,1.01,6.2,161
2026-04-27,W-08,18.67713,73.68635,4.81,2.4,35.8,13.9,7.01,847,0.99,6.1,162
2026-05-04,W-08,18.67713,73.68635,4.68,4.3,31,8.1,7.01,848,0.99,6.4,163
2026-05-11,W-08,18.67713,73.68635,4.68,0.3,34.8,13.6,7.01,855,0.97,5.5,166
2026-05-18,W-08,18.67713,73.68635,4.47,4.1,30.8,12.7,7.02,860,0.98,4.9,169
2026-05-25,W-08,18.67713,73.68635,4.38,0.4,35.6,10.5,7.04,857,1,4,170
2026-06-01,W-08,18.67713,73.68635,4.36,90,26.9,44.7,7.02,857,0.98,3.4,168
2026-06-08,W-08,18.67713,73.68635,4.57,82.6,28.1,46.2,7,853,0.98,3.1,169
2026-06-15,W-08,18.67713,73.68635,4.7,149.1,28.4,61.6,6.98,858,0.96,2.5,168
2026-06-22,W-08,18.67713,73.68635,5.05,128.6,28.5,58.3,7,862,0.96,2,168
2026-06-29,W-08,18.67713,73.68635,4.98,55.1,27.7,34.3,6.99,870,0.98,2.8,168
2026-07-06,W-08,18.67713,73.68635,5.05,94.9,28.4,45.2,7.01,868,0.98,2.6,167
2026-07-13,W-08,18.67713,73.68635,5.15,118.1,29,52.7,6.99,866,0.96,2.1,162
2026-07-20,W-08,18.67713,73.68635,5.2,72.8,25.7,43.4,6.98,858,0.97,1.3,161
2026-07-27,W-08,18.67713,73.68635,5.35,71.1,28.5,41.5,6.96,864,0.99,1.6,165
2026-08-03,W-08,18.67713,73.68635,5.76,90.6,27,50.8,6.95,874,1.01,1.4,162
2026-08-10,W-08,18.67713,73.68635,6.16,100.8,26.6,53.3,6.94,873,1.02,1.5,161
2026-08-17,W-08,18.67713,73.68635,6.34,153.1,26.2,65.1,6.92,879,1.03,0.8,157
2026-08-24,W-08,18.67713,73.68635,6.37,86.2,27.6,45.6,6.9,880,1.01,1.4,159
2026-08-31,W-08,18.67713,73.68635,6.57,72,25.3,38.9,6.93,884,1.03,1.7,159
2026-09-07,W-08,18.67713,73.68635,6.88,175.3,27.7,72.3,6.93,892,1.04,1.1,158
2026-09-14,W-08,18.67713,73.68635,7.19,177.8,26.8,75.7,6.92,887,1.04,0.5,163
2024-10-07,W-01,18.44719,73.61512,12.21,23.7,16.1,30.8,7.37,382,1.23,41.6,105
2024-11-25,W-01,18.44719,73.61512,11.59,31.3,19.9,30.9,7.26,396,1.25,41.8,100